[2025-10-14 21:40:04.354] [info] HikRobot's daemon thread started.
[2025-10-14 21:40:04.374] [warning] Not found camera!
[2025-10-14 21:40:04.474] [warning] MV_CC_StopGrabbing failed: 0x80000000
[2025-10-14 21:40:04.474] [warning] Unable to open usb!
[2025-10-14 21:40:04.475] [warning] Not found camera!
[2025-10-14 21:40:04.575] [warning] MV_CC_StopGrabbing failed: 0x80000000
[2025-10-14 21:40:04.575] [warning] Unable to open usb!
[2025-10-14 21:40:04.575] [warning] Not found camera!
[2025-10-14 21:40:04.675] [warning] MV_CC_StopGrabbing failed: 0x80000000
[2025-10-14 21:40:04.675] [warning] Unable to open usb!
[2025-10-14 21:40:04.676] [warning] Not found camera!
[2025-10-14 21:40:04.776] [warning] MV_CC_StopGrabbing failed: 0x80000000
[2025-10-14 21:40:04.776] [warning] Unable to open usb!
[2025-10-14 21:40:04.776] [warning] Not found camera!
[2025-10-14 21:40:04.877] [warning] MV_CC_StopGrabbing failed: 0x80000000
[2025-10-14 21:40:04.877] [warning] Unable to open usb!
[2025-10-14 21:40:04.877] [warning] Not found camera!
[2025-10-14 21:40:04.977] [warning] MV_CC_StopGrabbing failed: 0x80000000
[2025-10-14 21:40:04.977] [warning] Unable to open usb!
[2025-10-14 21:40:04.978] [warning] Not found camera!
[2025-10-14 21:40:05.078] [warning] MV_CC_StopGrabbing failed: 0x80000000
[2025-10-14 21:40:05.078] [warning] Unable to open usb!
[2025-10-14 21:40:05.078] [warning] Not found camera!
[2025-10-14 21:40:05.178] [warning] MV_CC_StopGrabbing failed: 0x80000000
[2025-10-14 21:40:05.178] [warning] Unable to open usb!
[2025-10-14 21:40:05.179] [warning] Not found camera!
[2025-10-14 21:40:05.279] [warning] MV_CC_StopGrabbing failed: 0x80000000
[2025-10-14 21:40:05.279] [warning] Unable to open usb!
[2025-10-14 21:40:05.279] [warning] Not found camera!
[2025-10-14 21:40:05.380] [warning] MV_CC_StopGrabbing failed: 0x80000000
[2025-10-14 21:40:05.380] [warning] Unable to open usb!
[2025-10-14 21:40:05.380] [warning] Not found camera!
[2025-10-14 21:40:05.480] [warning] MV_CC_StopGrabbing failed: 0x80000000
[2025-10-14 21:40:05.480] [warning] Unable to open usb!
[2025-10-14 21:40:05.481] [warning] Not found camera!
[2025-10-14 21:40:05.581] [warning] MV_CC_StopGrabbing failed: 0x80000000
[2025-10-14 21:40:05.581] [warning] Unable to open usb!
[2025-10-14 21:40:05.581] [warning] Not found camera!
[2025-10-14 21:40:05.681] [warning] MV_CC_StopGrabbing failed: 0x80000000
[2025-10-14 21:40:05.681] [warning] Unable to open usb!
[2025-10-14 21:40:05.682] [warning] Not found camera!
[2025-10-14 21:40:05.782] [warning] MV_CC_StopGrabbing failed: 0x80000000
[2025-10-14 21:40:05.782] [warning] Unable to open usb!
[2025-10-14 21:40:05.783] [warning] Not found camera!
[2025-10-14 21:40:05.883] [warning] MV_CC_StopGrabbing failed: 0x80000000
[2025-10-14 21:40:05.883] [warning] Unable to open usb!
[2025-10-14 21:40:05.884] [warning] Not found camera!
[2025-10-14 21:40:05.984] [warning] MV_CC_StopGrabbing failed: 0x80000000
[2025-10-14 21:40:05.984] [warning] Unable to open usb!
[2025-10-14 21:40:05.985] [warning] Not found camera!
[2025-10-14 21:40:06.085] [warning] MV_CC_StopGrabbing failed: 0x80000000
[2025-10-14 21:40:06.085] [warning] Unable to open usb!
[2025-10-14 21:40:06.085] [warning] Not found camera!
[2025-10-14 21:40:06.186] [warning] MV_CC_StopGrabbing failed: 0x80000000
[2025-10-14 21:40:06.186] [warning] Unable to open usb!
[2025-10-14 21:40:06.187] [warning] Not found camera!
[2025-10-14 21:40:06.287] [warning] MV_CC_StopGrabbing failed: 0x80000000
[2025-10-14 21:40:06.287] [warning] Unable to open usb!
[2025-10-14 21:40:06.287] [warning] Not found camera!
[2025-10-14 21:40:06.387] [warning] MV_CC_StopGrabbing failed: 0x80000000
[2025-10-14 21:40:06.388] [warning] Unable to open usb!
[2025-10-14 21:40:06.388] [warning] Not found camera!
[2025-10-14 21:40:06.488] [warning] MV_CC_StopGrabbing failed: 0x80000000
[2025-10-14 21:40:06.488] [warning] Unable to open usb!
[2025-10-14 21:40:06.488] [warning] Not found camera!
[2025-10-14 21:40:06.589] [warning] MV_CC_StopGrabbing failed: 0x80000000
[2025-10-14 21:40:06.589] [warning] Unable to open usb!
[2025-10-14 21:40:06.589] [warning] Not found camera!
[2025-10-14 21:40:06.689] [warning] MV_CC_StopGrabbing failed: 0x80000000
[2025-10-14 21:40:06.689] [warning] Unable to open usb!
[2025-10-14 21:40:06.690] [warning] Not found camera!
[2025-10-14 21:40:06.790] [warning] MV_CC_StopGrabbing failed: 0x80000000
[2025-10-14 21:40:06.790] [warning] Unable to open usb!
[2025-10-14 21:40:06.791] [warning] Not found camera!
[2025-10-14 21:40:06.891] [warning] MV_CC_StopGrabbing failed: 0x80000000
[2025-10-14 21:40:06.891] [warning] Unable to open usb!
[2025-10-14 21:40:06.891] [warning] Not found camera!
[2025-10-14 21:40:06.992] [warning] MV_CC_StopGrabbing failed: 0x80000000
[2025-10-14 21:40:06.992] [warning] Unable to open usb!
[2025-10-14 21:40:06.992] [warning] Not found camera!
[2025-10-14 21:40:07.092] [warning] MV_CC_StopGrabbing failed: 0x80000000
[2025-10-14 21:40:07.092] [warning] Unable to open usb!
[2025-10-14 21:40:07.092] [warning] Not found camera!
[2025-10-14 21:40:07.192] [warning] MV_CC_StopGrabbing failed: 0x80000000
[2025-10-14 21:40:07.193] [warning] Unable to open usb!
[2025-10-14 21:40:07.193] [warning] Not found camera!
[2025-10-14 21:40:07.293] [warning] MV_CC_StopGrabbing failed: 0x80000000
[2025-10-14 21:40:07.293] [warning] Unable to open usb!
[2025-10-14 21:40:07.293] [warning] Not found camera!
[2025-10-14 21:40:07.394] [warning] MV_CC_StopGrabbing failed: 0x80000000
[2025-10-14 21:40:07.394] [warning] Unable to open usb!
[2025-10-14 21:40:07.394] [warning] Not found camera!
[2025-10-14 21:40:07.494] [warning] MV_CC_StopGrabbing failed: 0x80000000
[2025-10-14 21:40:07.495] [warning] Unable to open usb!
[2025-10-14 21:40:07.495] [warning] Not found camera!
[2025-10-14 21:40:07.595] [warning] MV_CC_StopGrabbing failed: 0x80000000
[2025-10-14 21:40:07.595] [warning] Unable to open usb!
[2025-10-14 21:40:07.595] [warning] Not found camera!
[2025-10-14 21:40:07.695] [warning] MV_CC_StopGrabbing failed: 0x80000000
[2025-10-14 21:40:07.696] [warning] Unable to open usb!
[2025-10-14 21:40:07.696] [warning] Not found camera!
[2025-10-14 21:40:07.796] [warning] MV_CC_StopGrabbing failed: 0x80000000
[2025-10-14 21:40:07.796] [warning] Unable to open usb!
[2025-10-14 21:40:07.796] [warning] Not found camera!
[2025-10-14 21:40:07.896] [warning] MV_CC_StopGrabbing failed: 0x80000000
[2025-10-14 21:40:07.896] [warning] Unable to open usb!
[2025-10-14 21:40:07.897] [warning] Not found camera!
[2025-10-14 21:40:07.997] [warning] MV_CC_StopGrabbing failed: 0x80000000
[2025-10-14 21:40:07.997] [warning] Unable to open usb!
[2025-10-14 21:40:07.997] [warning] Not found camera!
[2025-10-14 21:40:08.098] [warning] MV_CC_StopGrabbing failed: 0x80000000
[2025-10-14 21:40:08.098] [warning] Unable to open usb!
[2025-10-14 21:40:08.098] [warning] Not found camera!
[2025-10-14 21:40:08.198] [warning] MV_CC_StopGrabbing failed: 0x80000000
[2025-10-14 21:40:08.198] [warning] Unable to open usb!
[2025-10-14 21:40:08.199] [warning] Not found camera!
[2025-10-14 21:40:08.299] [warning] MV_CC_StopGrabbing failed: 0x80000000
[2025-10-14 21:40:08.299] [warning] Unable to open usb!
[2025-10-14 21:40:08.299] [warning] Not found camera!
[2025-10-14 21:40:08.399] [warning] MV_CC_StopGrabbing failed: 0x80000000
[2025-10-14 21:40:08.399] [warning] Unable to open usb!
[2025-10-14 21:40:08.400] [warning] Not found camera!
[2025-10-14 21:40:08.500] [warning] MV_CC_StopGrabbing failed: 0x80000000
[2025-10-14 21:40:08.500] [warning] Unable to open usb!
[2025-10-14 21:40:08.500] [warning] Not found camera!
[2025-10-14 21:40:08.601] [warning] MV_CC_StopGrabbing failed: 0x80000000
[2025-10-14 21:40:08.601] [warning] Unable to open usb!
[2025-10-14 21:40:08.601] [warning] Not found camera!
[2025-10-14 21:40:08.701] [warning] MV_CC_StopGrabbing failed: 0x80000000
[2025-10-14 21:40:08.701] [warning] Unable to open usb!
[2025-10-14 21:40:08.701] [warning] Not found camera!
[2025-10-14 21:40:08.802] [warning] MV_CC_StopGrabbing failed: 0x80000000
[2025-10-14 21:40:08.802] [warning] Unable to open usb!
[2025-10-14 21:40:08.802] [warning] Not found camera!
[2025-10-14 21:40:08.902] [warning] MV_CC_StopGrabbing failed: 0x80000000
[2025-10-14 21:40:08.903] [warning] Unable to open usb!
[2025-10-14 21:40:08.903] [warning] Not found camera!
[2025-10-14 21:40:09.004] [warning] MV_CC_StopGrabbing failed: 0x80000000
[2025-10-14 21:40:09.004] [warning] Unable to open usb!
[2025-10-14 21:40:09.004] [warning] Not found camera!
[2025-10-14 21:40:09.104] [warning] MV_CC_StopGrabbing failed: 0x80000000
[2025-10-14 21:40:09.104] [warning] Unable to open usb!
[2025-10-14 21:40:09.104] [warning] Not found camera!
[2025-10-14 21:40:09.204] [warning] MV_CC_StopGrabbing failed: 0x80000000
[2025-10-14 21:40:09.204] [warning] Unable to open usb!
[2025-10-14 21:40:09.205] [warning] Not found camera!
[2025-10-14 21:40:09.305] [warning] MV_CC_StopGrabbing failed: 0x80000000
[2025-10-14 21:40:09.305] [warning] Unable to open usb!
[2025-10-14 21:40:09.305] [warning] Not found camera!
[2025-10-14 21:40:09.406] [warning] MV_CC_StopGrabbing failed: 0x80000000
[2025-10-14 21:40:09.406] [warning] Unable to open usb!
[2025-10-14 21:40:09.406] [warning] Not found camera!
[2025-10-14 21:40:09.506] [warning] MV_CC_StopGrabbing failed: 0x80000000
[2025-10-14 21:40:09.506] [warning] Unable to open usb!
[2025-10-14 21:40:09.506] [warning] Not found camera!
[2025-10-14 21:40:09.606] [warning] MV_CC_StopGrabbing failed: 0x80000000
[2025-10-14 21:40:09.607] [warning] Unable to open usb!
[2025-10-14 21:40:09.607] [warning] Not found camera!
[2025-10-14 21:40:09.707] [warning] MV_CC_StopGrabbing failed: 0x80000000
[2025-10-14 21:40:09.707] [warning] Unable to open usb!
[2025-10-14 21:40:09.707] [warning] Not found camera!
[2025-10-14 21:40:09.807] [warning] MV_CC_StopGrabbing failed: 0x80000000
[2025-10-14 21:40:09.807] [warning] Unable to open usb!
[2025-10-14 21:40:09.808] [warning] Not found camera!
[2025-10-14 21:40:09.908] [warning] MV_CC_StopGrabbing failed: 0x80000000
[2025-10-14 21:40:09.908] [warning] Unable to open usb!
[2025-10-14 21:40:09.908] [warning] Not found camera!
[2025-10-14 21:40:10.008] [warning] MV_CC_StopGrabbing failed: 0x80000000
[2025-10-14 21:40:10.009] [warning] Unable to open usb!
[2025-10-14 21:40:10.009] [warning] Not found camera!
[2025-10-14 21:40:10.109] [warning] MV_CC_StopGrabbing failed: 0x80000000
[2025-10-14 21:40:10.109] [warning] Unable to open usb!
[2025-10-14 21:40:10.110] [warning] Not found camera!
[2025-10-14 21:40:10.210] [warning] MV_CC_StopGrabbing failed: 0x80000000
[2025-10-14 21:40:10.210] [warning] Unable to open usb!
[2025-10-14 21:40:10.210] [warning] Not found camera!
[2025-10-14 21:40:10.311] [warning] MV_CC_StopGrabbing failed: 0x80000000
[2025-10-14 21:40:10.311] [warning] Unable to open usb!
[2025-10-14 21:40:10.311] [warning] Not found camera!
[2025-10-14 21:40:10.411] [warning] MV_CC_StopGrabbing failed: 0x80000000
[2025-10-14 21:40:10.411] [warning] Unable to open usb!
[2025-10-14 21:40:10.412] [warning] Not found camera!
[2025-10-14 21:40:10.512] [warning] MV_CC_StopGrabbing failed: 0x80000000
[2025-10-14 21:40:10.512] [warning] Unable to open usb!
[2025-10-14 21:40:10.512] [warning] Not found camera!
[2025-10-14 21:40:10.613] [warning] MV_CC_StopGrabbing failed: 0x80000000
[2025-10-14 21:40:10.613] [warning] Unable to open usb!
[2025-10-14 21:40:10.613] [warning] Not found camera!
[2025-10-14 21:40:10.713] [warning] MV_CC_StopGrabbing failed: 0x80000000
[2025-10-14 21:40:10.713] [warning] Unable to open usb!
[2025-10-14 21:40:10.714] [warning] Not found camera!
[2025-10-14 21:40:10.814] [warning] MV_CC_StopGrabbing failed: 0x80000000
[2025-10-14 21:40:10.814] [warning] Unable to open usb!
[2025-10-14 21:40:10.815] [warning] Not found camera!
[2025-10-14 21:40:10.915] [warning] MV_CC_StopGrabbing failed: 0x80000000
[2025-10-14 21:40:10.915] [warning] Unable to open usb!
[2025-10-14 21:40:10.917] [warning] Not found camera!
[2025-10-14 21:40:11.017] [warning] MV_CC_StopGrabbing failed: 0x80000000
[2025-10-14 21:40:11.017] [warning] Unable to open usb!
[2025-10-14 21:40:11.018] [warning] Not found camera!
[2025-10-14 21:40:11.118] [warning] MV_CC_StopGrabbing failed: 0x80000000
[2025-10-14 21:40:11.118] [warning] Unable to open usb!
[2025-10-14 21:40:11.118] [warning] Not found camera!
[2025-10-14 21:40:11.219] [warning] MV_CC_StopGrabbing failed: 0x80000000
[2025-10-14 21:40:11.219] [warning] Unable to open usb!
[2025-10-14 21:40:11.219] [warning] Not found camera!
[2025-10-14 21:40:11.319] [warning] MV_CC_StopGrabbing failed: 0x80000000
[2025-10-14 21:40:11.319] [warning] Unable to open usb!
[2025-10-14 21:40:11.320] [warning] Not found camera!
[2025-10-14 21:40:11.420] [warning] MV_CC_StopGrabbing failed: 0x80000000
[2025-10-14 21:40:11.420] [warning] Unable to open usb!
[2025-10-14 21:40:11.421] [warning] Not found camera!
[2025-10-14 21:40:11.521] [warning] MV_CC_StopGrabbing failed: 0x80000000
[2025-10-14 21:40:11.521] [warning] Unable to open usb!
[2025-10-14 21:40:11.522] [warning] Not found camera!
[2025-10-14 21:40:11.622] [warning] MV_CC_StopGrabbing failed: 0x80000000
[2025-10-14 21:40:11.622] [warning] Unable to open usb!
[2025-10-14 21:40:11.622] [warning] Not found camera!
[2025-10-14 21:40:11.722] [warning] MV_CC_StopGrabbing failed: 0x80000000
[2025-10-14 21:40:11.722] [warning] Unable to open usb!
[2025-10-14 21:40:11.723] [warning] Not found camera!
[2025-10-14 21:40:11.823] [warning] MV_CC_StopGrabbing failed: 0x80000000
[2025-10-14 21:40:11.823] [warning] Unable to open usb!
[2025-10-14 21:40:11.824] [warning] Not found camera!
[2025-10-14 21:40:11.924] [warning] MV_CC_StopGrabbing failed: 0x80000000
[2025-10-14 21:40:11.924] [warning] Unable to open usb!
[2025-10-14 21:40:11.924] [warning] Not found camera!
[2025-10-14 21:40:12.025] [warning] MV_CC_StopGrabbing failed: 0x80000000
[2025-10-14 21:40:12.025] [warning] Unable to open usb!
[2025-10-14 21:40:12.025] [warning] Not found camera!
[2025-10-14 21:40:12.125] [warning] MV_CC_StopGrabbing failed: 0x80000000
[2025-10-14 21:40:12.125] [warning] Unable to open usb!
[2025-10-14 21:40:12.126] [warning] Not found camera!
[2025-10-14 21:40:12.226] [warning] MV_CC_StopGrabbing failed: 0x80000000
[2025-10-14 21:40:12.226] [warning] Unable to open usb!
[2025-10-14 21:40:12.227] [warning] Not found camera!
[2025-10-14 21:40:12.327] [warning] MV_CC_StopGrabbing failed: 0x80000000
[2025-10-14 21:40:12.327] [warning] Unable to open usb!
[2025-10-14 21:40:12.328] [warning] Not found camera!
[2025-10-14 21:40:12.428] [warning] MV_CC_StopGrabbing failed: 0x80000000
[2025-10-14 21:40:12.428] [warning] Unable to open usb!
[2025-10-14 21:40:12.428] [warning] Not found camera!
[2025-10-14 21:40:12.528] [warning] MV_CC_StopGrabbing failed: 0x80000000
[2025-10-14 21:40:12.529] [warning] Unable to open usb!
[2025-10-14 21:40:12.529] [warning] Not found camera!
[2025-10-14 21:40:12.629] [warning] MV_CC_StopGrabbing failed: 0x80000000
[2025-10-14 21:40:12.629] [warning] Unable to open usb!
[2025-10-14 21:40:12.630] [warning] Not found camera!
[2025-10-14 21:40:12.730] [warning] MV_CC_StopGrabbing failed: 0x80000000
[2025-10-14 21:40:12.730] [warning] Unable to open usb!
[2025-10-14 21:40:12.730] [warning] Not found camera!
[2025-10-14 21:40:12.830] [warning] MV_CC_StopGrabbing failed: 0x80000000
[2025-10-14 21:40:12.831] [warning] Unable to open usb!
[2025-10-14 21:40:12.831] [warning] Not found camera!
[2025-10-14 21:40:12.931] [warning] MV_CC_StopGrabbing failed: 0x80000000
[2025-10-14 21:40:12.931] [warning] Unable to open usb!
[2025-10-14 21:40:12.931] [warning] Not found camera!
[2025-10-14 21:40:13.032] [warning] MV_CC_StopGrabbing failed: 0x80000000
[2025-10-14 21:40:13.032] [warning] Unable to open usb!
[2025-10-14 21:40:13.032] [warning] Not found camera!
[2025-10-14 21:40:13.133] [warning] MV_CC_StopGrabbing failed: 0x80000000
[2025-10-14 21:40:13.133] [warning] Unable to open usb!
[2025-10-14 21:40:13.133] [warning] Not found camera!
[2025-10-14 21:40:13.233] [warning] MV_CC_StopGrabbing failed: 0x80000000
[2025-10-14 21:40:13.234] [warning] Unable to open usb!
[2025-10-14 21:40:13.234] [warning] Not found camera!
[2025-10-14 21:40:13.335] [warning] MV_CC_StopGrabbing failed: 0x80000000
[2025-10-14 21:40:13.335] [warning] Unable to open usb!
[2025-10-14 21:40:13.335] [warning] Not found camera!
[2025-10-14 21:40:13.435] [warning] MV_CC_StopGrabbing failed: 0x80000000
[2025-10-14 21:40:13.436] [warning] Unable to open usb!
[2025-10-14 21:40:13.436] [warning] Not found camera!
[2025-10-14 21:40:13.536] [warning] MV_CC_StopGrabbing failed: 0x80000000
[2025-10-14 21:40:13.536] [warning] Unable to open usb!
[2025-10-14 21:40:13.537] [warning] Not found camera!
[2025-10-14 21:40:13.637] [warning] MV_CC_StopGrabbing failed: 0x80000000
[2025-10-14 21:40:13.637] [warning] Unable to open usb!
[2025-10-14 21:40:13.638] [warning] Not found camera!
[2025-10-14 21:40:13.738] [warning] MV_CC_StopGrabbing failed: 0x80000000
[2025-10-14 21:40:13.738] [warning] Unable to open usb!
[2025-10-14 21:40:13.738] [warning] Not found camera!
[2025-10-14 21:40:13.839] [warning] MV_CC_StopGrabbing failed: 0x80000000
[2025-10-14 21:40:13.839] [warning] Unable to open usb!
[2025-10-14 21:40:13.839] [warning] Not found camera!
[2025-10-14 21:40:13.939] [warning] MV_CC_StopGrabbing failed: 0x80000000
[2025-10-14 21:40:13.939] [warning] Unable to open usb!
[2025-10-14 21:40:13.939] [warning] Not found camera!
[2025-10-14 21:40:14.040] [warning] MV_CC_StopGrabbing failed: 0x80000000
[2025-10-14 21:40:14.040] [warning] Unable to open usb!
[2025-10-14 21:40:14.040] [warning] Not found camera!
[2025-10-14 21:40:14.141] [warning] MV_CC_StopGrabbing failed: 0x80000000
[2025-10-14 21:40:14.141] [warning] Unable to open usb!
[2025-10-14 21:40:14.141] [warning] Not found camera!
[2025-10-14 21:40:14.241] [warning] MV_CC_StopGrabbing failed: 0x80000000
[2025-10-14 21:40:14.241] [warning] Unable to open usb!
[2025-10-14 21:40:14.242] [warning] Not found camera!
[2025-10-14 21:40:14.342] [warning] MV_CC_StopGrabbing failed: 0x80000000
[2025-10-14 21:40:14.342] [warning] Unable to open usb!
[2025-10-14 21:40:14.343] [warning] Not found camera!
[2025-10-14 21:40:14.443] [warning] MV_CC_StopGrabbing failed: 0x80000000
[2025-10-14 21:40:14.443] [warning] Unable to open usb!
[2025-10-14 21:40:14.444] [warning] Not found camera!
[2025-10-14 21:40:14.544] [warning] MV_CC_StopGrabbing failed: 0x80000000
[2025-10-14 21:40:14.544] [warning] Unable to open usb!
[2025-10-14 21:40:14.545] [warning] Not found camera!
[2025-10-14 21:40:14.645] [warning] MV_CC_StopGrabbing failed: 0x80000000
[2025-10-14 21:40:14.645] [warning] Unable to open usb!
[2025-10-14 21:40:14.646] [warning] Not found camera!
[2025-10-14 21:40:14.746] [warning] MV_CC_StopGrabbing failed: 0x80000000
[2025-10-14 21:40:14.746] [warning] Unable to open usb!
[2025-10-14 21:40:14.747] [warning] Not found camera!
[2025-10-14 21:40:14.847] [warning] MV_CC_StopGrabbing failed: 0x80000000
[2025-10-14 21:40:14.847] [warning] Unable to open usb!
[2025-10-14 21:40:14.847] [warning] Not found camera!
[2025-10-14 21:40:14.948] [warning] MV_CC_StopGrabbing failed: 0x80000000
[2025-10-14 21:40:14.948] [warning] Unable to open usb!
[2025-10-14 21:40:14.948] [warning] Not found camera!
[2025-10-14 21:40:15.049] [warning] MV_CC_StopGrabbing failed: 0x80000000
[2025-10-14 21:40:15.049] [warning] Unable to open usb!
[2025-10-14 21:40:15.049] [warning] Not found camera!
[2025-10-14 21:40:15.150] [warning] MV_CC_StopGrabbing failed: 0x80000000
[2025-10-14 21:40:15.150] [warning] Unable to open usb!
[2025-10-14 21:40:15.150] [warning] Not found camera!
[2025-10-14 21:40:15.251] [warning] MV_CC_StopGrabbing failed: 0x80000000
[2025-10-14 21:40:15.251] [warning] Unable to open usb!
[2025-10-14 21:40:15.251] [warning] Not found camera!
[2025-10-14 21:40:15.351] [warning] MV_CC_StopGrabbing failed: 0x80000000
[2025-10-14 21:40:15.351] [warning] Unable to open usb!
[2025-10-14 21:40:15.352] [warning] Not found camera!
[2025-10-14 21:40:15.452] [warning] MV_CC_StopGrabbing failed: 0x80000000
[2025-10-14 21:40:15.452] [warning] Unable to open usb!
[2025-10-14 21:40:15.452] [warning] Not found camera!
[2025-10-14 21:40:15.552] [warning] MV_CC_StopGrabbing failed: 0x80000000
[2025-10-14 21:40:15.552] [warning] Unable to open usb!
[2025-10-14 21:40:15.553] [warning] Not found camera!
[2025-10-14 21:40:15.653] [warning] MV_CC_StopGrabbing failed: 0x80000000
[2025-10-14 21:40:15.653] [warning] Unable to open usb!
[2025-10-14 21:40:15.653] [warning] Not found camera!
[2025-10-14 21:40:15.753] [warning] MV_CC_StopGrabbing failed: 0x80000000
[2025-10-14 21:40:15.753] [warning] Unable to open usb!
[2025-10-14 21:40:15.754] [warning] Not found camera!
[2025-10-14 21:40:15.854] [warning] MV_CC_StopGrabbing failed: 0x80000000
[2025-10-14 21:40:15.854] [warning] Unable to open usb!
[2025-10-14 21:40:15.855] [warning] Not found camera!
[2025-10-14 21:40:15.955] [warning] MV_CC_StopGrabbing failed: 0x80000000
[2025-10-14 21:40:15.955] [warning] Unable to open usb!
[2025-10-14 21:40:15.956] [warning] Not found camera!
[2025-10-14 21:40:16.056] [warning] MV_CC_StopGrabbing failed: 0x80000000
[2025-10-14 21:40:16.056] [warning] Unable to open usb!
[2025-10-14 21:40:16.057] [warning] Not found camera!
[2025-10-14 21:40:16.157] [warning] MV_CC_StopGrabbing failed: 0x80000000
[2025-10-14 21:40:16.157] [warning] Unable to open usb!
[2025-10-14 21:40:16.158] [warning] Not found camera!
[2025-10-14 21:40:16.258] [warning] MV_CC_StopGrabbing failed: 0x80000000
[2025-10-14 21:40:16.258] [warning] Unable to open usb!
[2025-10-14 21:40:16.258] [warning] Not found camera!
[2025-10-14 21:40:16.358] [warning] MV_CC_StopGrabbing failed: 0x80000000
[2025-10-14 21:40:16.359] [warning] Unable to open usb!
[2025-10-14 21:40:16.359] [warning] Not found camera!
[2025-10-14 21:40:16.460] [warning] MV_CC_StopGrabbing failed: 0x80000000
[2025-10-14 21:40:16.460] [warning] Unable to open usb!
[2025-10-14 21:40:16.460] [warning] Not found camera!
[2025-10-14 21:40:16.560] [warning] MV_CC_StopGrabbing failed: 0x80000000
[2025-10-14 21:40:16.560] [warning] Unable to open usb!
[2025-10-14 21:40:16.561] [warning] Not found camera!
[2025-10-14 21:40:16.661] [warning] MV_CC_StopGrabbing failed: 0x80000000
[2025-10-14 21:40:16.661] [warning] Unable to open usb!
[2025-10-14 21:40:16.661] [warning] Not found camera!
[2025-10-14 21:40:16.762] [warning] MV_CC_StopGrabbing failed: 0x80000000
[2025-10-14 21:40:16.762] [warning] Unable to open usb!
[2025-10-14 21:40:16.762] [warning] Not found camera!
[2025-10-14 21:40:16.863] [warning] MV_CC_StopGrabbing failed: 0x80000000
[2025-10-14 21:40:16.863] [warning] Unable to open usb!
[2025-10-14 21:40:16.863] [warning] Not found camera!
[2025-10-14 21:40:16.964] [warning] MV_CC_StopGrabbing failed: 0x80000000
[2025-10-14 21:40:16.964] [warning] Unable to open usb!
[2025-10-14 21:40:16.964] [warning] Not found camera!
[2025-10-14 21:40:17.064] [warning] MV_CC_StopGrabbing failed: 0x80000000
[2025-10-14 21:40:17.064] [warning] Unable to open usb!
[2025-10-14 21:40:17.064] [warning] Not found camera!
[2025-10-14 21:40:17.165] [warning] MV_CC_StopGrabbing failed: 0x80000000
[2025-10-14 21:40:17.165] [warning] Unable to open usb!
[2025-10-14 21:40:17.165] [warning] Not found camera!
[2025-10-14 21:40:17.265] [warning] MV_CC_StopGrabbing failed: 0x80000000
[2025-10-14 21:40:17.266] [warning] Unable to open usb!
[2025-10-14 21:40:17.266] [warning] Not found camera!
[2025-10-14 21:40:17.366] [warning] MV_CC_StopGrabbing failed: 0x80000000
[2025-10-14 21:40:17.366] [warning] Unable to open usb!
[2025-10-14 21:40:17.367] [warning] Not found camera!
[2025-10-14 21:40:17.467] [warning] MV_CC_StopGrabbing failed: 0x80000000
[2025-10-14 21:40:17.467] [warning] Unable to open usb!
[2025-10-14 21:40:17.467] [warning] Not found camera!
[2025-10-14 21:40:17.568] [warning] MV_CC_StopGrabbing failed: 0x80000000
[2025-10-14 21:40:17.568] [warning] Unable to open usb!
[2025-10-14 21:40:17.568] [warning] Not found camera!
[2025-10-14 21:40:17.668] [warning] MV_CC_StopGrabbing failed: 0x80000000
[2025-10-14 21:40:17.669] [warning] Unable to open usb!
[2025-10-14 21:40:17.669] [warning] Not found camera!
[2025-10-14 21:40:17.770] [warning] MV_CC_StopGrabbing failed: 0x80000000
[2025-10-14 21:40:17.770] [warning] Unable to open usb!
[2025-10-14 21:40:17.770] [warning] Not found camera!
[2025-10-14 21:40:17.870] [warning] MV_CC_StopGrabbing failed: 0x80000000
[2025-10-14 21:40:17.870] [warning] Unable to open usb!
[2025-10-14 21:40:17.871] [warning] Not found camera!
[2025-10-14 21:40:17.971] [warning] MV_CC_StopGrabbing failed: 0x80000000
[2025-10-14 21:40:17.971] [warning] Unable to open usb!
[2025-10-14 21:40:17.971] [warning] Not found camera!
[2025-10-14 21:40:18.071] [warning] MV_CC_StopGrabbing failed: 0x80000000
[2025-10-14 21:40:18.072] [warning] Unable to open usb!
[2025-10-14 21:40:18.072] [warning] Not found camera!
[2025-10-14 21:40:18.172] [warning] MV_CC_StopGrabbing failed: 0x80000000
[2025-10-14 21:40:18.172] [warning] Unable to open usb!
[2025-10-14 21:40:18.174] [warning] Not found camera!
[2025-10-14 21:40:18.274] [warning] MV_CC_StopGrabbing failed: 0x80000000
[2025-10-14 21:40:18.274] [warning] Unable to open usb!
[2025-10-14 21:40:18.274] [warning] Not found camera!
[2025-10-14 21:40:18.374] [warning] MV_CC_StopGrabbing failed: 0x80000000
[2025-10-14 21:40:18.374] [warning] Unable to open usb!
[2025-10-14 21:40:18.375] [warning] Not found camera!
[2025-10-14 21:40:18.475] [warning] MV_CC_StopGrabbing failed: 0x80000000
[2025-10-14 21:40:18.475] [warning] Unable to open usb!
[2025-10-14 21:40:18.475] [warning] Not found camera!
[2025-10-14 21:40:18.575] [warning] MV_CC_StopGrabbing failed: 0x80000000
[2025-10-14 21:40:18.575] [warning] Unable to open usb!
[2025-10-14 21:40:18.576] [warning] Not found camera!
[2025-10-14 21:40:18.676] [warning] MV_CC_StopGrabbing failed: 0x80000000
[2025-10-14 21:40:18.676] [warning] Unable to open usb!
[2025-10-14 21:40:18.676] [warning] Not found camera!
[2025-10-14 21:40:18.776] [warning] MV_CC_StopGrabbing failed: 0x80000000
[2025-10-14 21:40:18.776] [warning] Unable to open usb!
[2025-10-14 21:40:18.777] [warning] Not found camera!
[2025-10-14 21:40:18.877] [warning] MV_CC_StopGrabbing failed: 0x80000000
[2025-10-14 21:40:18.877] [warning] Unable to open usb!
[2025-10-14 21:40:18.877] [warning] Not found camera!
[2025-10-14 21:40:18.977] [warning] MV_CC_StopGrabbing failed: 0x80000000
[2025-10-14 21:40:18.977] [warning] Unable to open usb!
[2025-10-14 21:40:18.978] [warning] Not found camera!
[2025-10-14 21:40:19.078] [warning] MV_CC_StopGrabbing failed: 0x80000000
[2025-10-14 21:40:19.078] [warning] Unable to open usb!
[2025-10-14 21:40:19.078] [warning] Not found camera!
[2025-10-14 21:40:19.178] [warning] MV_CC_StopGrabbing failed: 0x80000000
[2025-10-14 21:40:19.179] [warning] Unable to open usb!
[2025-10-14 21:40:19.179] [warning] Not found camera!
[2025-10-14 21:40:19.279] [warning] MV_CC_StopGrabbing failed: 0x80000000
[2025-10-14 21:40:19.279] [warning] Unable to open usb!
[2025-10-14 21:40:19.279] [warning] Not found camera!
[2025-10-14 21:40:19.379] [warning] MV_CC_StopGrabbing failed: 0x80000000
[2025-10-14 21:40:19.380] [warning] Unable to open usb!
[2025-10-14 21:40:19.380] [warning] Not found camera!
[2025-10-14 21:40:19.480] [warning] MV_CC_StopGrabbing failed: 0x80000000
[2025-10-14 21:40:19.480] [warning] Unable to open usb!
[2025-10-14 21:40:19.481] [warning] Not found camera!
[2025-10-14 21:40:19.581] [warning] MV_CC_StopGrabbing failed: 0x80000000
[2025-10-14 21:40:19.581] [warning] Unable to open usb!
[2025-10-14 21:40:19.581] [warning] Not found camera!
[2025-10-14 21:40:19.681] [warning] MV_CC_StopGrabbing failed: 0x80000000
[2025-10-14 21:40:19.681] [warning] Unable to open usb!
[2025-10-14 21:40:19.682] [warning] Not found camera!
[2025-10-14 21:40:19.782] [warning] MV_CC_StopGrabbing failed: 0x80000000
[2025-10-14 21:40:19.782] [warning] Unable to open usb!
[2025-10-14 21:40:19.783] [warning] Not found camera!
[2025-10-14 21:40:19.883] [warning] MV_CC_StopGrabbing failed: 0x80000000
[2025-10-14 21:40:19.883] [warning] Unable to open usb!
[2025-10-14 21:40:19.883] [warning] Not found camera!
[2025-10-14 21:40:19.983] [warning] MV_CC_StopGrabbing failed: 0x80000000
[2025-10-14 21:40:19.983] [warning] Unable to open usb!
[2025-10-14 21:40:19.984] [warning] Not found camera!
[2025-10-14 21:40:20.084] [warning] MV_CC_StopGrabbing failed: 0x80000000
[2025-10-14 21:40:20.084] [warning] Unable to open usb!
[2025-10-14 21:40:20.085] [warning] Not found camera!
[2025-10-14 21:40:20.185] [warning] MV_CC_StopGrabbing failed: 0x80000000
[2025-10-14 21:40:20.185] [warning] Unable to open usb!
[2025-10-14 21:40:20.186] [warning] Not found camera!
[2025-10-14 21:40:20.286] [warning] MV_CC_StopGrabbing failed: 0x80000000
[2025-10-14 21:40:20.286] [warning] Unable to open usb!
[2025-10-14 21:40:20.286] [warning] Not found camera!
[2025-10-14 21:40:20.387] [warning] MV_CC_StopGrabbing failed: 0x80000000
[2025-10-14 21:40:20.387] [warning] Unable to open usb!
[2025-10-14 21:40:20.387] [warning] Not found camera!
[2025-10-14 21:40:20.487] [warning] MV_CC_StopGrabbing failed: 0x80000000
[2025-10-14 21:40:20.488] [warning] Unable to open usb!
[2025-10-14 21:40:20.488] [warning] Not found camera!
[2025-10-14 21:40:20.588] [warning] MV_CC_StopGrabbing failed: 0x80000000
[2025-10-14 21:40:20.589] [warning] Unable to open usb!
[2025-10-14 21:40:20.589] [warning] Not found camera!
[2025-10-14 21:40:20.689] [warning] MV_CC_StopGrabbing failed: 0x80000000
[2025-10-14 21:40:20.689] [warning] Unable to open usb!
[2025-10-14 21:40:20.689] [warning] Not found camera!
[2025-10-14 21:40:20.790] [warning] MV_CC_StopGrabbing failed: 0x80000000
[2025-10-14 21:40:20.790] [warning] Unable to open usb!
[2025-10-14 21:40:20.790] [warning] Not found camera!
[2025-10-14 21:40:20.890] [warning] MV_CC_StopGrabbing failed: 0x80000000
[2025-10-14 21:40:20.890] [warning] Unable to open usb!
[2025-10-14 21:40:20.890] [warning] Not found camera!
[2025-10-14 21:40:20.991] [warning] MV_CC_StopGrabbing failed: 0x80000000
[2025-10-14 21:40:20.991] [warning] Unable to open usb!
[2025-10-14 21:40:20.991] [warning] Not found camera!
[2025-10-14 21:40:21.091] [warning] MV_CC_StopGrabbing failed: 0x80000000
[2025-10-14 21:40:21.091] [warning] Unable to open usb!
[2025-10-14 21:40:21.092] [warning] Not found camera!
[2025-10-14 21:40:21.192] [warning] MV_CC_StopGrabbing failed: 0x80000000
[2025-10-14 21:40:21.192] [warning] Unable to open usb!
[2025-10-14 21:40:21.193] [warning] Not found camera!
[2025-10-14 21:40:21.293] [warning] MV_CC_StopGrabbing failed: 0x80000000
[2025-10-14 21:40:21.293] [warning] Unable to open usb!
[2025-10-14 21:40:21.294] [warning] Not found camera!
[2025-10-14 21:40:21.394] [warning] MV_CC_StopGrabbing failed: 0x80000000
[2025-10-14 21:40:21.394] [warning] Unable to open usb!
[2025-10-14 21:40:21.394] [warning] Not found camera!
[2025-10-14 21:40:21.495] [warning] MV_CC_StopGrabbing failed: 0x80000000
[2025-10-14 21:40:21.495] [warning] Unable to open usb!
[2025-10-14 21:40:21.495] [warning] Not found camera!
[2025-10-14 21:40:21.595] [warning] MV_CC_StopGrabbing failed: 0x80000000
[2025-10-14 21:40:21.596] [warning] Unable to open usb!
[2025-10-14 21:40:21.596] [warning] Not found camera!
[2025-10-14 21:40:21.696] [warning] MV_CC_StopGrabbing failed: 0x80000000
[2025-10-14 21:40:21.696] [warning] Unable to open usb!
[2025-10-14 21:40:21.697] [warning] Not found camera!
[2025-10-14 21:40:21.797] [warning] MV_CC_StopGrabbing failed: 0x80000000
[2025-10-14 21:40:21.797] [warning] Unable to open usb!
[2025-10-14 21:40:21.798] [warning] Not found camera!
[2025-10-14 21:40:21.898] [warning] MV_CC_StopGrabbing failed: 0x80000000
[2025-10-14 21:40:21.898] [warning] Unable to open usb!
[2025-10-14 21:40:21.899] [warning] Not found camera!
[2025-10-14 21:40:21.999] [warning] MV_CC_StopGrabbing failed: 0x80000000
[2025-10-14 21:40:21.999] [warning] Unable to open usb!
[2025-10-14 21:40:21.999] [warning] Not found camera!
[2025-10-14 21:40:22.099] [warning] MV_CC_StopGrabbing failed: 0x80000000
[2025-10-14 21:40:22.099] [warning] Unable to open usb!
[2025-10-14 21:40:22.100] [warning] Not found camera!
[2025-10-14 21:40:22.200] [warning] MV_CC_StopGrabbing failed: 0x80000000
[2025-10-14 21:40:22.200] [warning] Unable to open usb!
[2025-10-14 21:40:22.200] [warning] Not found camera!
[2025-10-14 21:40:22.301] [warning] MV_CC_StopGrabbing failed: 0x80000000
[2025-10-14 21:40:22.301] [warning] Unable to open usb!
[2025-10-14 21:40:22.301] [warning] Not found camera!
[2025-10-14 21:40:22.402] [warning] MV_CC_StopGrabbing failed: 0x80000000
[2025-10-14 21:40:22.402] [warning] Unable to open usb!
[2025-10-14 21:40:22.403] [warning] Not found camera!
[2025-10-14 21:40:22.503] [warning] MV_CC_StopGrabbing failed: 0x80000000
[2025-10-14 21:40:22.503] [warning] Unable to open usb!
[2025-10-14 21:40:22.504] [warning] Not found camera!
[2025-10-14 21:40:22.604] [warning] MV_CC_StopGrabbing failed: 0x80000000
[2025-10-14 21:40:22.604] [warning] Unable to open usb!
[2025-10-14 21:40:22.605] [warning] Not found camera!
[2025-10-14 21:40:22.705] [warning] MV_CC_StopGrabbing failed: 0x80000000
[2025-10-14 21:40:22.705] [warning] Unable to open usb!
[2025-10-14 21:40:22.706] [warning] Not found camera!
[2025-10-14 21:40:22.807] [warning] MV_CC_StopGrabbing failed: 0x80000000
[2025-10-14 21:40:22.807] [warning] Unable to open usb!
[2025-10-14 21:40:22.807] [warning] Not found camera!
[2025-10-14 21:40:22.907] [warning] MV_CC_StopGrabbing failed: 0x80000000
[2025-10-14 21:40:22.907] [warning] Unable to open usb!
[2025-10-14 21:40:22.908] [warning] Not found camera!
[2025-10-14 21:40:23.009] [warning] MV_CC_StopGrabbing failed: 0x80000000
[2025-10-14 21:40:23.009] [warning] Unable to open usb!
[2025-10-14 21:40:23.009] [warning] Not found camera!
[2025-10-14 21:40:23.110] [warning] MV_CC_StopGrabbing failed: 0x80000000
[2025-10-14 21:40:23.110] [warning] Unable to open usb!
[2025-10-14 21:40:23.110] [warning] Not found camera!
[2025-10-14 21:40:23.210] [warning] MV_CC_StopGrabbing failed: 0x80000000
[2025-10-14 21:40:23.210] [warning] Unable to open usb!
[2025-10-14 21:40:23.211] [warning] Not found camera!
[2025-10-14 21:40:23.311] [warning] MV_CC_StopGrabbing failed: 0x80000000
[2025-10-14 21:40:23.311] [warning] Unable to open usb!
[2025-10-14 21:40:23.312] [warning] Not found camera!
[2025-10-14 21:40:23.412] [warning] MV_CC_StopGrabbing failed: 0x80000000
[2025-10-14 21:40:23.412] [warning] Unable to open usb!
[2025-10-14 21:40:23.412] [warning] Not found camera!
[2025-10-14 21:40:23.513] [warning] MV_CC_StopGrabbing failed: 0x80000000
[2025-10-14 21:40:23.513] [warning] Unable to open usb!
[2025-10-14 21:40:23.514] [warning] Not found camera!
[2025-10-14 21:40:23.614] [warning] MV_CC_StopGrabbing failed: 0x80000000
[2025-10-14 21:40:23.614] [warning] Unable to open usb!
[2025-10-14 21:40:23.614] [warning] Not found camera!
[2025-10-14 21:40:23.715] [warning] MV_CC_StopGrabbing failed: 0x80000000
[2025-10-14 21:40:23.715] [warning] Unable to open usb!
[2025-10-14 21:40:23.715] [warning] Not found camera!
[2025-10-14 21:40:23.817] [warning] MV_CC_StopGrabbing failed: 0x80000000
[2025-10-14 21:40:23.818] [warning] Unable to open usb!
[2025-10-14 21:40:23.818] [warning] Not found camera!
[2025-10-14 21:40:23.918] [warning] MV_CC_StopGrabbing failed: 0x80000000
[2025-10-14 21:40:23.918] [warning] Unable to open usb!
[2025-10-14 21:40:23.924] [warning] Not found camera!
[2025-10-14 21:40:24.024] [warning] MV_CC_StopGrabbing failed: 0x80000000
[2025-10-14 21:40:24.025] [warning] Unable to open usb!
[2025-10-14 21:40:24.025] [warning] Not found camera!
[2025-10-14 21:40:24.125] [warning] MV_CC_StopGrabbing failed: 0x80000000
[2025-10-14 21:40:24.125] [warning] Unable to open usb!
[2025-10-14 21:40:24.125] [warning] Not found camera!
[2025-10-14 21:40:24.226] [warning] MV_CC_StopGrabbing failed: 0x80000000
[2025-10-14 21:40:24.226] [warning] Unable to open usb!
[2025-10-14 21:40:24.226] [warning] Not found camera!
[2025-10-14 21:40:24.326] [warning] MV_CC_StopGrabbing failed: 0x80000000
[2025-10-14 21:40:24.327] [warning] Unable to open usb!
[2025-10-14 21:40:24.327] [warning] Not found camera!
[2025-10-14 21:40:24.427] [warning] MV_CC_StopGrabbing failed: 0x80000000
[2025-10-14 21:40:24.427] [warning] Unable to open usb!
[2025-10-14 21:40:24.427] [warning] Not found camera!
[2025-10-14 21:40:24.527] [warning] MV_CC_StopGrabbing failed: 0x80000000
[2025-10-14 21:40:24.528] [warning] Unable to open usb!
[2025-10-14 21:40:24.528] [warning] Not found camera!
[2025-10-14 21:40:24.628] [warning] MV_CC_StopGrabbing failed: 0x80000000
[2025-10-14 21:40:24.628] [warning] Unable to open usb!
[2025-10-14 21:40:24.629] [warning] Not found camera!
[2025-10-14 21:40:24.729] [warning] MV_CC_StopGrabbing failed: 0x80000000
[2025-10-14 21:40:24.729] [warning] Unable to open usb!
[2025-10-14 21:40:24.729] [warning] Not found camera!
[2025-10-14 21:40:24.829] [warning] MV_CC_StopGrabbing failed: 0x80000000
[2025-10-14 21:40:24.830] [warning] Unable to open usb!
[2025-10-14 21:40:24.830] [warning] Not found camera!
[2025-10-14 21:40:24.931] [warning] MV_CC_StopGrabbing failed: 0x80000000
[2025-10-14 21:40:24.931] [warning] Unable to open usb!
[2025-10-14 21:40:24.931] [warning] Not found camera!
[2025-10-14 21:40:25.031] [warning] MV_CC_StopGrabbing failed: 0x80000000
[2025-10-14 21:40:25.032] [warning] Unable to open usb!
[2025-10-14 21:40:25.032] [warning] Not found camera!
[2025-10-14 21:40:25.132] [warning] MV_CC_StopGrabbing failed: 0x80000000
[2025-10-14 21:40:25.133] [warning] Unable to open usb!
[2025-10-14 21:40:25.133] [warning] Not found camera!
[2025-10-14 21:40:25.233] [warning] MV_CC_StopGrabbing failed: 0x80000000
[2025-10-14 21:40:25.233] [warning] Unable to open usb!
[2025-10-14 21:40:25.233] [warning] Not found camera!
[2025-10-14 21:40:25.334] [warning] MV_CC_StopGrabbing failed: 0x80000000
[2025-10-14 21:40:25.334] [warning] Unable to open usb!
[2025-10-14 21:40:25.334] [warning] Not found camera!
[2025-10-14 21:40:25.434] [warning] MV_CC_StopGrabbing failed: 0x80000000
[2025-10-14 21:40:25.435] [warning] Unable to open usb!
[2025-10-14 21:40:25.435] [warning] Not found camera!
[2025-10-14 21:40:25.535] [warning] MV_CC_StopGrabbing failed: 0x80000000
[2025-10-14 21:40:25.535] [warning] Unable to open usb!
[2025-10-14 21:40:25.536] [warning] Not found camera!
[2025-10-14 21:40:25.636] [warning] MV_CC_StopGrabbing failed: 0x80000000
[2025-10-14 21:40:25.636] [warning] Unable to open usb!
[2025-10-14 21:40:25.636] [warning] Not found camera!
[2025-10-14 21:40:25.736] [warning] MV_CC_StopGrabbing failed: 0x80000000
[2025-10-14 21:40:25.737] [warning] Unable to open usb!
[2025-10-14 21:40:25.737] [warning] Not found camera!
[2025-10-14 21:40:25.837] [warning] MV_CC_StopGrabbing failed: 0x80000000
[2025-10-14 21:40:25.837] [warning] Unable to open usb!
[2025-10-14 21:40:25.838] [warning] Not found camera!
[2025-10-14 21:40:25.938] [warning] MV_CC_StopGrabbing failed: 0x80000000
[2025-10-14 21:40:25.938] [warning] Unable to open usb!
[2025-10-14 21:40:25.938] [warning] Not found camera!
[2025-10-14 21:40:26.039] [warning] MV_CC_StopGrabbing failed: 0x80000000
[2025-10-14 21:40:26.039] [warning] Unable to open usb!
[2025-10-14 21:40:26.040] [warning] Not found camera!
[2025-10-14 21:40:26.140] [warning] MV_CC_StopGrabbing failed: 0x80000000
[2025-10-14 21:40:26.140] [warning] Unable to open usb!
[2025-10-14 21:40:26.140] [warning] Not found camera!
[2025-10-14 21:40:26.241] [warning] MV_CC_StopGrabbing failed: 0x80000000
[2025-10-14 21:40:26.241] [warning] Unable to open usb!
[2025-10-14 21:40:26.241] [warning] Not found camera!
[2025-10-14 21:40:26.341] [warning] MV_CC_StopGrabbing failed: 0x80000000
[2025-10-14 21:40:26.341] [warning] Unable to open usb!
[2025-10-14 21:40:26.342] [warning] Not found camera!
[2025-10-14 21:40:26.442] [warning] MV_CC_StopGrabbing failed: 0x80000000
[2025-10-14 21:40:26.442] [warning] Unable to open usb!
[2025-10-14 21:40:26.442] [warning] Not found camera!
[2025-10-14 21:40:26.543] [warning] MV_CC_StopGrabbing failed: 0x80000000
[2025-10-14 21:40:26.543] [warning] Unable to open usb!
[2025-10-14 21:40:26.543] [warning] Not found camera!
[2025-10-14 21:40:26.643] [warning] MV_CC_StopGrabbing failed: 0x80000000
[2025-10-14 21:40:26.643] [warning] Unable to open usb!
[2025-10-14 21:40:26.644] [warning] Not found camera!
[2025-10-14 21:40:26.744] [warning] MV_CC_StopGrabbing failed: 0x80000000
[2025-10-14 21:40:26.744] [warning] Unable to open usb!
[2025-10-14 21:40:26.744] [warning] Not found camera!
[2025-10-14 21:40:26.845] [warning] MV_CC_StopGrabbing failed: 0x80000000
[2025-10-14 21:40:26.845] [warning] Unable to open usb!
[2025-10-14 21:40:26.845] [warning] Not found camera!
[2025-10-14 21:40:26.945] [warning] MV_CC_StopGrabbing failed: 0x80000000
[2025-10-14 21:40:26.945] [warning] Unable to open usb!
[2025-10-14 21:40:26.945] [warning] Not found camera!
[2025-10-14 21:40:27.046] [warning] MV_CC_StopGrabbing failed: 0x80000000
[2025-10-14 21:40:27.046] [warning] Unable to open usb!
[2025-10-14 21:40:27.046] [warning] Not found camera!
[2025-10-14 21:40:27.146] [warning] MV_CC_StopGrabbing failed: 0x80000000
[2025-10-14 21:40:27.146] [warning] Unable to open usb!
[2025-10-14 21:40:27.147] [warning] Not found camera!
[2025-10-14 21:40:27.247] [warning] MV_CC_StopGrabbing failed: 0x80000000
[2025-10-14 21:40:27.247] [warning] Unable to open usb!
[2025-10-14 21:40:27.248] [warning] Not found camera!
[2025-10-14 21:40:27.348] [warning] MV_CC_StopGrabbing failed: 0x80000000
[2025-10-14 21:40:27.348] [warning] Unable to open usb!
[2025-10-14 21:40:27.349] [warning] Not found camera!
[2025-10-14 21:40:27.449] [warning] MV_CC_StopGrabbing failed: 0x80000000
[2025-10-14 21:40:27.449] [warning] Unable to open usb!
[2025-10-14 21:40:27.449] [warning] Not found camera!
[2025-10-14 21:40:27.550] [warning] MV_CC_StopGrabbing failed: 0x80000000
[2025-10-14 21:40:27.550] [warning] Unable to open usb!
[2025-10-14 21:40:27.550] [warning] Not found camera!
[2025-10-14 21:40:27.651] [warning] MV_CC_StopGrabbing failed: 0x80000000
[2025-10-14 21:40:27.651] [warning] Unable to open usb!
[2025-10-14 21:40:27.651] [warning] Not found camera!
[2025-10-14 21:40:27.752] [warning] MV_CC_StopGrabbing failed: 0x80000000
[2025-10-14 21:40:27.752] [warning] Unable to open usb!
[2025-10-14 21:40:27.752] [warning] Not found camera!
[2025-10-14 21:40:27.854] [warning] MV_CC_StopGrabbing failed: 0x80000000
[2025-10-14 21:40:27.854] [warning] Unable to open usb!
[2025-10-14 21:40:27.855] [warning] Not found camera!
[2025-10-14 21:40:27.955] [warning] MV_CC_StopGrabbing failed: 0x80000000
[2025-10-14 21:40:27.955] [warning] Unable to open usb!
[2025-10-14 21:40:27.955] [warning] Not found camera!
[2025-10-14 21:40:28.055] [warning] MV_CC_StopGrabbing failed: 0x80000000
[2025-10-14 21:40:28.055] [warning] Unable to open usb!
[2025-10-14 21:40:28.056] [warning] Not found camera!
[2025-10-14 21:40:28.156] [warning] MV_CC_StopGrabbing failed: 0x80000000
[2025-10-14 21:40:28.156] [warning] Unable to open usb!
[2025-10-14 21:40:28.156] [warning] Not found camera!
[2025-10-14 21:40:28.256] [warning] MV_CC_StopGrabbing failed: 0x80000000
[2025-10-14 21:40:28.256] [warning] Unable to open usb!
[2025-10-14 21:40:28.256] [warning] Not found camera!
[2025-10-14 21:40:28.357] [warning] MV_CC_StopGrabbing failed: 0x80000000
[2025-10-14 21:40:28.357] [warning] Unable to open usb!
[2025-10-14 21:40:28.357] [warning] Not found camera!
[2025-10-14 21:40:28.457] [warning] MV_CC_StopGrabbing failed: 0x80000000
[2025-10-14 21:40:28.457] [warning] Unable to open usb!
[2025-10-14 21:40:28.458] [warning] Not found camera!
[2025-10-14 21:40:28.558] [warning] MV_CC_StopGrabbing failed: 0x80000000
[2025-10-14 21:40:28.558] [warning] Unable to open usb!
[2025-10-14 21:40:28.558] [warning] Not found camera!
[2025-10-14 21:40:28.659] [warning] MV_CC_StopGrabbing failed: 0x80000000
[2025-10-14 21:40:28.659] [warning] Unable to open usb!
[2025-10-14 21:40:28.659] [warning] Not found camera!
[2025-10-14 21:40:28.759] [warning] MV_CC_StopGrabbing failed: 0x80000000
[2025-10-14 21:40:28.759] [warning] Unable to open usb!
[2025-10-14 21:40:28.760] [warning] Not found camera!
[2025-10-14 21:40:28.860] [warning] MV_CC_StopGrabbing failed: 0x80000000
[2025-10-14 21:40:28.860] [warning] Unable to open usb!
[2025-10-14 21:40:28.860] [warning] Not found camera!
[2025-10-14 21:40:28.960] [warning] MV_CC_StopGrabbing failed: 0x80000000
[2025-10-14 21:40:28.961] [warning] Unable to open usb!
[2025-10-14 21:40:28.961] [warning] Not found camera!
[2025-10-14 21:40:29.061] [warning] MV_CC_StopGrabbing failed: 0x80000000
[2025-10-14 21:40:29.061] [warning] Unable to open usb!
[2025-10-14 21:40:29.062] [warning] Not found camera!
[2025-10-14 21:40:29.162] [warning] MV_CC_StopGrabbing failed: 0x80000000
[2025-10-14 21:40:29.162] [warning] Unable to open usb!
[2025-10-14 21:40:29.163] [warning] Not found camera!
[2025-10-14 21:40:29.263] [warning] MV_CC_StopGrabbing failed: 0x80000000
[2025-10-14 21:40:29.263] [warning] Unable to open usb!
[2025-10-14 21:40:29.263] [warning] Not found camera!
[2025-10-14 21:40:29.363] [warning] MV_CC_StopGrabbing failed: 0x80000000
[2025-10-14 21:40:29.363] [warning] Unable to open usb!
[2025-10-14 21:40:29.364] [warning] Not found camera!
[2025-10-14 21:40:29.464] [warning] MV_CC_StopGrabbing failed: 0x80000000
[2025-10-14 21:40:29.464] [warning] Unable to open usb!
[2025-10-14 21:40:29.464] [warning] Not found camera!
[2025-10-14 21:40:29.564] [warning] MV_CC_StopGrabbing failed: 0x80000000
[2025-10-14 21:40:29.564] [warning] Unable to open usb!
[2025-10-14 21:40:29.565] [warning] Not found camera!
[2025-10-14 21:40:29.665] [warning] MV_CC_StopGrabbing failed: 0x80000000
[2025-10-14 21:40:29.665] [warning] Unable to open usb!
[2025-10-14 21:40:29.666] [warning] Not found camera!
[2025-10-14 21:40:29.766] [warning] MV_CC_StopGrabbing failed: 0x80000000
[2025-10-14 21:40:29.766] [warning] Unable to open usb!
[2025-10-14 21:40:29.766] [warning] Not found camera!
[2025-10-14 21:40:29.866] [warning] MV_CC_StopGrabbing failed: 0x80000000
[2025-10-14 21:40:29.866] [warning] Unable to open usb!
[2025-10-14 21:40:29.867] [warning] Not found camera!
[2025-10-14 21:40:29.967] [warning] MV_CC_StopGrabbing failed: 0x80000000
[2025-10-14 21:40:29.967] [warning] Unable to open usb!
[2025-10-14 21:40:29.967] [warning] Not found camera!
[2025-10-14 21:40:30.067] [warning] MV_CC_StopGrabbing failed: 0x80000000
[2025-10-14 21:40:30.067] [warning] Unable to open usb!
[2025-10-14 21:40:30.068] [warning] Not found camera!
[2025-10-14 21:40:30.168] [warning] MV_CC_StopGrabbing failed: 0x80000000
[2025-10-14 21:40:30.168] [warning] Unable to open usb!
[2025-10-14 21:40:30.168] [warning] Not found camera!
[2025-10-14 21:40:30.269] [warning] MV_CC_StopGrabbing failed: 0x80000000
[2025-10-14 21:40:30.269] [warning] Unable to open usb!
[2025-10-14 21:40:30.269] [warning] Not found camera!
[2025-10-14 21:40:30.369] [warning] MV_CC_StopGrabbing failed: 0x80000000
[2025-10-14 21:40:30.369] [warning] Unable to open usb!
[2025-10-14 21:40:30.369] [warning] Not found camera!
[2025-10-14 21:40:30.470] [warning] MV_CC_StopGrabbing failed: 0x80000000
[2025-10-14 21:40:30.470] [warning] Unable to open usb!
[2025-10-14 21:40:30.470] [warning] Not found camera!
[2025-10-14 21:40:30.570] [warning] MV_CC_StopGrabbing failed: 0x80000000
[2025-10-14 21:40:30.570] [warning] Unable to open usb!
[2025-10-14 21:40:30.571] [warning] Not found camera!
[2025-10-14 21:40:30.671] [warning] MV_CC_StopGrabbing failed: 0x80000000
[2025-10-14 21:40:30.671] [warning] Unable to open usb!
[2025-10-14 21:40:30.671] [warning] Not found camera!
[2025-10-14 21:40:30.771] [warning] MV_CC_StopGrabbing failed: 0x80000000
[2025-10-14 21:40:30.772] [warning] Unable to open usb!
[2025-10-14 21:40:30.772] [warning] Not found camera!
[2025-10-14 21:40:30.872] [warning] MV_CC_StopGrabbing failed: 0x80000000
[2025-10-14 21:40:30.872] [warning] Unable to open usb!
[2025-10-14 21:40:30.872] [warning] Not found camera!
[2025-10-14 21:40:30.973] [warning] MV_CC_StopGrabbing failed: 0x80000000
[2025-10-14 21:40:30.973] [warning] Unable to open usb!
[2025-10-14 21:40:30.973] [warning] Not found camera!
[2025-10-14 21:40:31.073] [warning] MV_CC_StopGrabbing failed: 0x80000000
[2025-10-14 21:40:31.074] [warning] Unable to open usb!
[2025-10-14 21:40:31.074] [warning] Not found camera!
[2025-10-14 21:40:31.174] [warning] MV_CC_StopGrabbing failed: 0x80000000
[2025-10-14 21:40:31.174] [warning] Unable to open usb!
[2025-10-14 21:40:31.175] [warning] Not found camera!
[2025-10-14 21:40:31.275] [warning] MV_CC_StopGrabbing failed: 0x80000000
[2025-10-14 21:40:31.275] [warning] Unable to open usb!
[2025-10-14 21:40:31.276] [warning] Not found camera!
[2025-10-14 21:40:31.376] [warning] MV_CC_StopGrabbing failed: 0x80000000
[2025-10-14 21:40:31.376] [warning] Unable to open usb!
[2025-10-14 21:40:31.376] [warning] Not found camera!
[2025-10-14 21:40:31.477] [warning] MV_CC_StopGrabbing failed: 0x80000000
[2025-10-14 21:40:31.477] [warning] Unable to open usb!
[2025-10-14 21:40:31.477] [warning] Not found camera!
[2025-10-14 21:40:31.577] [warning] MV_CC_StopGrabbing failed: 0x80000000
[2025-10-14 21:40:31.577] [warning] Unable to open usb!
[2025-10-14 21:40:31.578] [warning] Not found camera!
[2025-10-14 21:40:31.678] [warning] MV_CC_StopGrabbing failed: 0x80000000
[2025-10-14 21:40:31.678] [warning] Unable to open usb!
[2025-10-14 21:40:31.678] [warning] Not found camera!
[2025-10-14 21:40:31.779] [warning] MV_CC_StopGrabbing failed: 0x80000000
[2025-10-14 21:40:31.779] [warning] Unable to open usb!
[2025-10-14 21:40:31.780] [warning] Not found camera!
[2025-10-14 21:40:31.880] [warning] MV_CC_StopGrabbing failed: 0x80000000
[2025-10-14 21:40:31.880] [warning] Unable to open usb!
[2025-10-14 21:40:31.880] [warning] Not found camera!
[2025-10-14 21:40:31.980] [warning] MV_CC_StopGrabbing failed: 0x80000000
[2025-10-14 21:40:31.980] [warning] Unable to open usb!
[2025-10-14 21:40:31.981] [warning] Not found camera!
[2025-10-14 21:40:32.081] [warning] MV_CC_StopGrabbing failed: 0x80000000
[2025-10-14 21:40:32.081] [warning] Unable to open usb!
[2025-10-14 21:40:32.081] [warning] Not found camera!
[2025-10-14 21:40:32.182] [warning] MV_CC_StopGrabbing failed: 0x80000000
[2025-10-14 21:40:32.182] [warning] Unable to open usb!
[2025-10-14 21:40:32.182] [warning] Not found camera!
[2025-10-14 21:40:32.283] [warning] MV_CC_StopGrabbing failed: 0x80000000
[2025-10-14 21:40:32.283] [warning] Unable to open usb!
[2025-10-14 21:40:32.283] [warning] Not found camera!
[2025-10-14 21:40:32.383] [warning] MV_CC_StopGrabbing failed: 0x80000000
[2025-10-14 21:40:32.383] [warning] Unable to open usb!
[2025-10-14 21:40:32.383] [warning] Not found camera!
[2025-10-14 21:40:32.484] [warning] MV_CC_StopGrabbing failed: 0x80000000
[2025-10-14 21:40:32.484] [warning] Unable to open usb!
[2025-10-14 21:40:32.485] [warning] Not found camera!
[2025-10-14 21:40:32.585] [warning] MV_CC_StopGrabbing failed: 0x80000000
[2025-10-14 21:40:32.586] [warning] Unable to open usb!
[2025-10-14 21:40:32.586] [warning] Not found camera!
[2025-10-14 21:40:32.686] [warning] MV_CC_StopGrabbing failed: 0x80000000
[2025-10-14 21:40:32.686] [warning] Unable to open usb!
[2025-10-14 21:40:32.687] [warning] Not found camera!
[2025-10-14 21:40:32.787] [warning] MV_CC_StopGrabbing failed: 0x80000000
[2025-10-14 21:40:32.788] [warning] Unable to open usb!
[2025-10-14 21:40:32.789] [warning] Not found camera!
[2025-10-14 21:40:32.889] [warning] MV_CC_StopGrabbing failed: 0x80000000
[2025-10-14 21:40:32.889] [warning] Unable to open usb!
[2025-10-14 21:40:32.889] [warning] Not found camera!
[2025-10-14 21:40:32.990] [warning] MV_CC_StopGrabbing failed: 0x80000000
[2025-10-14 21:40:32.990] [warning] Unable to open usb!
[2025-10-14 21:40:32.990] [warning] Not found camera!
[2025-10-14 21:40:33.090] [warning] MV_CC_StopGrabbing failed: 0x80000000
[2025-10-14 21:40:33.090] [warning] Unable to open usb!
[2025-10-14 21:40:33.091] [warning] Not found camera!
[2025-10-14 21:40:33.192] [warning] MV_CC_StopGrabbing failed: 0x80000000
[2025-10-14 21:40:33.192] [warning] Unable to open usb!
[2025-10-14 21:40:33.192] [warning] Not found camera!
[2025-10-14 21:40:33.292] [warning] MV_CC_StopGrabbing failed: 0x80000000
[2025-10-14 21:40:33.293] [warning] Unable to open usb!
[2025-10-14 21:40:33.295] [warning] Not found camera!
[2025-10-14 21:40:33.395] [warning] MV_CC_StopGrabbing failed: 0x80000000
[2025-10-14 21:40:33.395] [warning] Unable to open usb!
[2025-10-14 21:40:33.396] [warning] Not found camera!
[2025-10-14 21:40:33.496] [warning] MV_CC_StopGrabbing failed: 0x80000000
[2025-10-14 21:40:33.496] [warning] Unable to open usb!
[2025-10-14 21:40:33.497] [warning] Not found camera!
[2025-10-14 21:40:33.597] [warning] MV_CC_StopGrabbing failed: 0x80000000
[2025-10-14 21:40:33.597] [warning] Unable to open usb!
[2025-10-14 21:40:33.597] [warning] Not found camera!
[2025-10-14 21:40:33.698] [warning] MV_CC_StopGrabbing failed: 0x80000000
[2025-10-14 21:40:33.698] [warning] Unable to open usb!
[2025-10-14 21:40:33.698] [warning] Not found camera!
[2025-10-14 21:40:33.798] [warning] MV_CC_StopGrabbing failed: 0x80000000
[2025-10-14 21:40:33.798] [warning] Unable to open usb!
[2025-10-14 21:40:33.799] [warning] Not found camera!
[2025-10-14 21:40:33.899] [warning] MV_CC_StopGrabbing failed: 0x80000000
[2025-10-14 21:40:33.899] [warning] Unable to open usb!
[2025-10-14 21:40:33.900] [warning] Not found camera!
[2025-10-14 21:40:34.000] [warning] MV_CC_StopGrabbing failed: 0x80000000
[2025-10-14 21:40:34.000] [warning] Unable to open usb!
[2025-10-14 21:40:34.000] [warning] Not found camera!
[2025-10-14 21:40:34.100] [warning] MV_CC_StopGrabbing failed: 0x80000000
[2025-10-14 21:40:34.100] [warning] Unable to open usb!
[2025-10-14 21:40:34.101] [warning] Not found camera!
[2025-10-14 21:40:34.201] [warning] MV_CC_StopGrabbing failed: 0x80000000
[2025-10-14 21:40:34.201] [warning] Unable to open usb!
[2025-10-14 21:40:34.202] [warning] Not found camera!
[2025-10-14 21:40:34.302] [warning] MV_CC_StopGrabbing failed: 0x80000000
[2025-10-14 21:40:34.302] [warning] Unable to open usb!
[2025-10-14 21:40:34.303] [warning] Not found camera!
[2025-10-14 21:40:34.403] [warning] MV_CC_StopGrabbing failed: 0x80000000
[2025-10-14 21:40:34.403] [warning] Unable to open usb!
[2025-10-14 21:40:34.403] [warning] Not found camera!
[2025-10-14 21:40:34.503] [warning] MV_CC_StopGrabbing failed: 0x80000000
[2025-10-14 21:40:34.503] [warning] Unable to open usb!
[2025-10-14 21:40:34.504] [warning] Not found camera!
[2025-10-14 21:40:34.604] [warning] MV_CC_StopGrabbing failed: 0x80000000
[2025-10-14 21:40:34.604] [warning] Unable to open usb!
[2025-10-14 21:40:34.605] [warning] Not found camera!
[2025-10-14 21:40:34.705] [warning] MV_CC_StopGrabbing failed: 0x80000000
[2025-10-14 21:40:34.705] [warning] Unable to open usb!
[2025-10-14 21:40:34.705] [warning] Not found camera!
[2025-10-14 21:40:34.806] [warning] MV_CC_StopGrabbing failed: 0x80000000
[2025-10-14 21:40:34.806] [warning] Unable to open usb!
[2025-10-14 21:40:34.807] [warning] Not found camera!
[2025-10-14 21:40:34.907] [warning] MV_CC_StopGrabbing failed: 0x80000000
[2025-10-14 21:40:34.907] [warning] Unable to open usb!
[2025-10-14 21:40:34.907] [warning] Not found camera!
[2025-10-14 21:40:35.008] [warning] MV_CC_StopGrabbing failed: 0x80000000
[2025-10-14 21:40:35.008] [warning] Unable to open usb!
[2025-10-14 21:40:35.008] [warning] Not found camera!
[2025-10-14 21:40:35.108] [warning] MV_CC_StopGrabbing failed: 0x80000000
[2025-10-14 21:40:35.109] [warning] Unable to open usb!
[2025-10-14 21:40:35.109] [warning] Not found camera!
[2025-10-14 21:40:35.209] [warning] MV_CC_StopGrabbing failed: 0x80000000
[2025-10-14 21:40:35.210] [warning] Unable to open usb!
[2025-10-14 21:40:35.210] [warning] Not found camera!
[2025-10-14 21:40:35.311] [warning] MV_CC_StopGrabbing failed: 0x80000000
[2025-10-14 21:40:35.311] [warning] Unable to open usb!
[2025-10-14 21:40:35.311] [warning] Not found camera!
[2025-10-14 21:40:35.411] [warning] MV_CC_StopGrabbing failed: 0x80000000
[2025-10-14 21:40:35.411] [warning] Unable to open usb!
[2025-10-14 21:40:35.412] [warning] Not found camera!
[2025-10-14 21:40:35.513] [warning] MV_CC_StopGrabbing failed: 0x80000000
[2025-10-14 21:40:35.513] [warning] Unable to open usb!
[2025-10-14 21:40:35.513] [warning] Not found camera!
[2025-10-14 21:40:35.614] [warning] MV_CC_StopGrabbing failed: 0x80000000
[2025-10-14 21:40:35.614] [warning] Unable to open usb!
[2025-10-14 21:40:35.616] [warning] Not found camera!
[2025-10-14 21:40:35.716] [warning] MV_CC_StopGrabbing failed: 0x80000000
[2025-10-14 21:40:35.716] [warning] Unable to open usb!
[2025-10-14 21:40:35.716] [warning] Not found camera!
[2025-10-14 21:40:35.817] [warning] MV_CC_StopGrabbing failed: 0x80000000
[2025-10-14 21:40:35.817] [warning] Unable to open usb!
[2025-10-14 21:40:35.817] [warning] Not found camera!
[2025-10-14 21:40:35.917] [warning] MV_CC_StopGrabbing failed: 0x80000000
[2025-10-14 21:40:35.917] [warning] Unable to open usb!
[2025-10-14 21:40:35.917] [warning] Not found camera!
[2025-10-14 21:40:36.017] [warning] MV_CC_StopGrabbing failed: 0x80000000
[2025-10-14 21:40:36.018] [warning] Unable to open usb!
[2025-10-14 21:40:36.019] [warning] Not found camera!
[2025-10-14 21:40:36.119] [warning] MV_CC_StopGrabbing failed: 0x80000000
[2025-10-14 21:40:36.119] [warning] Unable to open usb!
[2025-10-14 21:40:36.119] [warning] Not found camera!
[2025-10-14 21:40:36.220] [warning] MV_CC_StopGrabbing failed: 0x80000000
[2025-10-14 21:40:36.220] [warning] Unable to open usb!
[2025-10-14 21:40:36.220] [warning] Not found camera!
[2025-10-14 21:40:36.321] [warning] MV_CC_StopGrabbing failed: 0x80000000
[2025-10-14 21:40:36.321] [warning] Unable to open usb!
[2025-10-14 21:40:36.322] [warning] Not found camera!
[2025-10-14 21:40:36.422] [warning] MV_CC_StopGrabbing failed: 0x80000000
[2025-10-14 21:40:36.422] [warning] Unable to open usb!
[2025-10-14 21:40:36.422] [warning] Not found camera!
[2025-10-14 21:40:36.522] [warning] MV_CC_StopGrabbing failed: 0x80000000
[2025-10-14 21:40:36.522] [warning] Unable to open usb!
[2025-10-14 21:40:36.523] [warning] Not found camera!
[2025-10-14 21:40:36.623] [warning] MV_CC_StopGrabbing failed: 0x80000000
[2025-10-14 21:40:36.623] [warning] Unable to open usb!
[2025-10-14 21:40:36.623] [warning] Not found camera!
[2025-10-14 21:40:36.723] [warning] MV_CC_StopGrabbing failed: 0x80000000
[2025-10-14 21:40:36.724] [warning] Unable to open usb!
[2025-10-14 21:40:36.724] [warning] Not found camera!
[2025-10-14 21:40:36.824] [warning] MV_CC_StopGrabbing failed: 0x80000000
[2025-10-14 21:40:36.824] [warning] Unable to open usb!
[2025-10-14 21:40:36.825] [warning] Not found camera!
[2025-10-14 21:40:36.925] [warning] MV_CC_StopGrabbing failed: 0x80000000
[2025-10-14 21:40:36.925] [warning] Unable to open usb!
[2025-10-14 21:40:36.925] [warning] Not found camera!
[2025-10-14 21:40:37.026] [warning] MV_CC_StopGrabbing failed: 0x80000000
[2025-10-14 21:40:37.026] [warning] Unable to open usb!
[2025-10-14 21:40:37.026] [warning] Not found camera!
[2025-10-14 21:40:37.126] [warning] MV_CC_StopGrabbing failed: 0x80000000
[2025-10-14 21:40:37.126] [warning] Unable to open usb!
[2025-10-14 21:40:37.127] [warning] Not found camera!
[2025-10-14 21:40:37.227] [warning] MV_CC_StopGrabbing failed: 0x80000000
[2025-10-14 21:40:37.227] [warning] Unable to open usb!
[2025-10-14 21:40:37.227] [warning] Not found camera!
[2025-10-14 21:40:37.328] [warning] MV_CC_StopGrabbing failed: 0x80000000
[2025-10-14 21:40:37.328] [warning] Unable to open usb!
[2025-10-14 21:40:37.328] [warning] Not found camera!
[2025-10-14 21:40:37.429] [warning] MV_CC_StopGrabbing failed: 0x80000000
[2025-10-14 21:40:37.429] [warning] Unable to open usb!
[2025-10-14 21:40:37.429] [warning] Not found camera!
[2025-10-14 21:40:37.530] [warning] MV_CC_StopGrabbing failed: 0x80000000
[2025-10-14 21:40:37.530] [warning] Unable to open usb!
[2025-10-14 21:40:37.530] [warning] Not found camera!
[2025-10-14 21:40:37.630] [warning] MV_CC_StopGrabbing failed: 0x80000000
[2025-10-14 21:40:37.631] [warning] Unable to open usb!
[2025-10-14 21:40:37.631] [warning] Not found camera!
[2025-10-14 21:40:37.731] [warning] MV_CC_StopGrabbing failed: 0x80000000
[2025-10-14 21:40:37.731] [warning] Unable to open usb!
[2025-10-14 21:40:37.731] [warning] Not found camera!
[2025-10-14 21:40:37.831] [warning] MV_CC_StopGrabbing failed: 0x80000000
[2025-10-14 21:40:37.832] [warning] Unable to open usb!
[2025-10-14 21:40:37.832] [warning] Not found camera!
[2025-10-14 21:40:37.932] [warning] MV_CC_StopGrabbing failed: 0x80000000
[2025-10-14 21:40:37.933] [warning] Unable to open usb!
[2025-10-14 21:40:37.933] [warning] Not found camera!
[2025-10-14 21:40:38.033] [warning] MV_CC_StopGrabbing failed: 0x80000000
[2025-10-14 21:40:38.033] [warning] Unable to open usb!
[2025-10-14 21:40:38.033] [warning] Not found camera!
[2025-10-14 21:40:38.134] [warning] MV_CC_StopGrabbing failed: 0x80000000
[2025-10-14 21:40:38.134] [warning] Unable to open usb!
[2025-10-14 21:40:38.134] [warning] Not found camera!
[2025-10-14 21:40:38.234] [warning] MV_CC_StopGrabbing failed: 0x80000000
[2025-10-14 21:40:38.234] [warning] Unable to open usb!
[2025-10-14 21:40:38.235] [warning] Not found camera!
[2025-10-14 21:40:38.335] [warning] MV_CC_StopGrabbing failed: 0x80000000
[2025-10-14 21:40:38.335] [warning] Unable to open usb!
[2025-10-14 21:40:38.336] [warning] Not found camera!
[2025-10-14 21:40:38.436] [warning] MV_CC_StopGrabbing failed: 0x80000000
[2025-10-14 21:40:38.436] [warning] Unable to open usb!
[2025-10-14 21:40:38.436] [warning] Not found camera!
[2025-10-14 21:40:38.536] [warning] MV_CC_StopGrabbing failed: 0x80000000
[2025-10-14 21:40:38.536] [warning] Unable to open usb!
[2025-10-14 21:40:38.536] [warning] Not found camera!
[2025-10-14 21:40:38.637] [warning] MV_CC_StopGrabbing failed: 0x80000000
[2025-10-14 21:40:38.637] [warning] Unable to open usb!
[2025-10-14 21:40:38.637] [warning] Not found camera!
[2025-10-14 21:40:38.737] [warning] MV_CC_StopGrabbing failed: 0x80000000
[2025-10-14 21:40:38.737] [warning] Unable to open usb!
[2025-10-14 21:40:38.737] [warning] Not found camera!
[2025-10-14 21:40:38.838] [warning] MV_CC_StopGrabbing failed: 0x80000000
[2025-10-14 21:40:38.838] [warning] Unable to open usb!
[2025-10-14 21:40:38.838] [warning] Not found camera!
[2025-10-14 21:40:38.938] [warning] MV_CC_StopGrabbing failed: 0x80000000
[2025-10-14 21:40:38.938] [warning] Unable to open usb!
[2025-10-14 21:40:38.938] [warning] Not found camera!
[2025-10-14 21:40:39.038] [warning] MV_CC_StopGrabbing failed: 0x80000000
[2025-10-14 21:40:39.039] [warning] Unable to open usb!
[2025-10-14 21:40:39.039] [warning] Not found camera!
[2025-10-14 21:40:39.140] [warning] MV_CC_StopGrabbing failed: 0x80000000
[2025-10-14 21:40:39.140] [warning] Unable to open usb!
[2025-10-14 21:40:39.140] [warning] Not found camera!
[2025-10-14 21:40:39.240] [warning] MV_CC_StopGrabbing failed: 0x80000000
[2025-10-14 21:40:39.240] [warning] Unable to open usb!
[2025-10-14 21:40:39.240] [warning] Not found camera!
[2025-10-14 21:40:39.341] [warning] MV_CC_StopGrabbing failed: 0x80000000
[2025-10-14 21:40:39.341] [warning] Unable to open usb!
[2025-10-14 21:40:39.341] [warning] Not found camera!
[2025-10-14 21:40:39.441] [warning] MV_CC_StopGrabbing failed: 0x80000000
[2025-10-14 21:40:39.441] [warning] Unable to open usb!
[2025-10-14 21:40:39.442] [warning] Not found camera!
[2025-10-14 21:40:39.542] [warning] MV_CC_StopGrabbing failed: 0x80000000
[2025-10-14 21:40:39.542] [warning] Unable to open usb!
[2025-10-14 21:40:39.542] [warning] Not found camera!
[2025-10-14 21:40:39.642] [warning] MV_CC_StopGrabbing failed: 0x80000000
[2025-10-14 21:40:39.642] [warning] Unable to open usb!
[2025-10-14 21:40:39.643] [warning] Not found camera!
[2025-10-14 21:40:39.743] [warning] MV_CC_StopGrabbing failed: 0x80000000
[2025-10-14 21:40:39.743] [warning] Unable to open usb!
[2025-10-14 21:40:39.744] [warning] Not found camera!
[2025-10-14 21:40:39.844] [warning] MV_CC_StopGrabbing failed: 0x80000000
[2025-10-14 21:40:39.844] [warning] Unable to open usb!
[2025-10-14 21:40:39.845] [warning] Not found camera!
[2025-10-14 21:40:39.945] [warning] MV_CC_StopGrabbing failed: 0x80000000
[2025-10-14 21:40:39.945] [warning] Unable to open usb!
[2025-10-14 21:40:39.945] [warning] Not found camera!
[2025-10-14 21:40:40.046] [warning] MV_CC_StopGrabbing failed: 0x80000000
[2025-10-14 21:40:40.046] [warning] Unable to open usb!
[2025-10-14 21:40:40.048] [warning] Not found camera!
[2025-10-14 21:40:40.148] [warning] MV_CC_StopGrabbing failed: 0x80000000
[2025-10-14 21:40:40.148] [warning] Unable to open usb!
[2025-10-14 21:40:40.149] [warning] Not found camera!
[2025-10-14 21:40:40.249] [warning] MV_CC_StopGrabbing failed: 0x80000000
[2025-10-14 21:40:40.249] [warning] Unable to open usb!
[2025-10-14 21:40:40.249] [warning] Not found camera!
[2025-10-14 21:40:40.350] [warning] MV_CC_StopGrabbing failed: 0x80000000
[2025-10-14 21:40:40.350] [warning] Unable to open usb!
[2025-10-14 21:40:40.350] [warning] Not found camera!
[2025-10-14 21:40:40.450] [warning] MV_CC_StopGrabbing failed: 0x80000000
[2025-10-14 21:40:40.450] [warning] Unable to open usb!
[2025-10-14 21:40:40.450] [warning] Not found camera!
[2025-10-14 21:40:40.551] [warning] MV_CC_StopGrabbing failed: 0x80000000
[2025-10-14 21:40:40.551] [warning] Unable to open usb!
[2025-10-14 21:40:40.551] [warning] Not found camera!
[2025-10-14 21:40:40.651] [warning] MV_CC_StopGrabbing failed: 0x80000000
[2025-10-14 21:40:40.652] [warning] Unable to open usb!
[2025-10-14 21:40:40.652] [warning] Not found camera!
[2025-10-14 21:40:40.752] [warning] MV_CC_StopGrabbing failed: 0x80000000
[2025-10-14 21:40:40.752] [warning] Unable to open usb!
[2025-10-14 21:40:40.754] [warning] Not found camera!
[2025-10-14 21:40:40.854] [warning] MV_CC_StopGrabbing failed: 0x80000000
[2025-10-14 21:40:40.854] [warning] Unable to open usb!
[2025-10-14 21:40:40.855] [warning] Not found camera!
[2025-10-14 21:40:40.955] [warning] MV_CC_StopGrabbing failed: 0x80000000
[2025-10-14 21:40:40.955] [warning] Unable to open usb!
[2025-10-14 21:40:40.955] [warning] Not found camera!
[2025-10-14 21:40:45.594] [warning] MV_CC_StopGrabbing failed: 0x80000000
[2025-10-14 21:40:45.594] [warning] Unable to open usb!
[2025-10-14 21:40:45.594] [warning] Not found camera!
[2025-10-14 21:40:45.694] [warning] MV_CC_StopGrabbing failed: 0x80000000
[2025-10-14 21:40:45.694] [warning] Unable to open usb!
[2025-10-14 21:40:45.695] [warning] Not found camera!
[2025-10-14 21:40:45.795] [warning] MV_CC_StopGrabbing failed: 0x80000000
[2025-10-14 21:40:45.795] [warning] Unable to open usb!
[2025-10-14 21:40:45.796] [warning] Not found camera!
[2025-10-14 21:40:41.358] [warning] MV_CC_StopGrabbing failed: 0x80000000
[2025-10-14 21:40:41.358] [warning] Unable to open usb!
[2025-10-14 21:40:41.359] [warning] Not found camera!
[2025-10-14 21:40:41.459] [warning] MV_CC_StopGrabbing failed: 0x80000000
[2025-10-14 21:40:41.460] [warning] Unable to open usb!
[2025-10-14 21:40:41.460] [warning] Not found camera!
[2025-10-14 21:40:41.561] [warning] MV_CC_StopGrabbing failed: 0x80000000
[2025-10-14 21:40:41.561] [warning] Unable to open usb!
[2025-10-14 21:40:41.561] [warning] Not found camera!
[2025-10-14 21:40:41.662] [warning] MV_CC_StopGrabbing failed: 0x80000000
[2025-10-14 21:40:41.662] [warning] Unable to open usb!
[2025-10-14 21:40:41.662] [warning] Not found camera!
[2025-10-14 21:40:41.762] [warning] MV_CC_StopGrabbing failed: 0x80000000
[2025-10-14 21:40:41.762] [warning] Unable to open usb!
[2025-10-14 21:40:41.763] [warning] Not found camera!
[2025-10-14 21:40:41.863] [warning] MV_CC_StopGrabbing failed: 0x80000000
[2025-10-14 21:40:41.863] [warning] Unable to open usb!
[2025-10-14 21:40:41.864] [warning] Not found camera!
[2025-10-14 21:40:41.964] [warning] MV_CC_StopGrabbing failed: 0x80000000
[2025-10-14 21:40:41.964] [warning] Unable to open usb!
[2025-10-14 21:40:41.964] [warning] Not found camera!
[2025-10-14 21:40:42.064] [warning] MV_CC_StopGrabbing failed: 0x80000000
[2025-10-14 21:40:42.065] [warning] Unable to open usb!
[2025-10-14 21:40:42.066] [warning] Not found camera!
[2025-10-14 21:40:42.166] [warning] MV_CC_StopGrabbing failed: 0x80000000
[2025-10-14 21:40:42.166] [warning] Unable to open usb!
[2025-10-14 21:40:42.166] [warning] Not found camera!
[2025-10-14 21:40:42.266] [warning] MV_CC_StopGrabbing failed: 0x80000000
[2025-10-14 21:40:42.266] [warning] Unable to open usb!
[2025-10-14 21:40:42.267] [warning] Not found camera!
[2025-10-14 21:40:42.367] [warning] MV_CC_StopGrabbing failed: 0x80000000
[2025-10-14 21:40:42.367] [warning] Unable to open usb!
[2025-10-14 21:40:42.367] [warning] Not found camera!
[2025-10-14 21:40:42.467] [warning] MV_CC_StopGrabbing failed: 0x80000000
[2025-10-14 21:40:42.467] [warning] Unable to open usb!
[2025-10-14 21:40:42.468] [warning] Not found camera!
[2025-10-14 21:40:42.568] [warning] MV_CC_StopGrabbing failed: 0x80000000
[2025-10-14 21:40:42.568] [warning] Unable to open usb!
[2025-10-14 21:40:42.568] [warning] Not found camera!
[2025-10-14 21:40:42.668] [warning] MV_CC_StopGrabbing failed: 0x80000000
[2025-10-14 21:40:42.668] [warning] Unable to open usb!
[2025-10-14 21:40:42.669] [warning] Not found camera!
[2025-10-14 21:40:42.769] [warning] MV_CC_StopGrabbing failed: 0x80000000
[2025-10-14 21:40:42.769] [warning] Unable to open usb!
[2025-10-14 21:40:42.769] [warning] Not found camera!
[2025-10-14 21:40:42.869] [warning] MV_CC_StopGrabbing failed: 0x80000000
[2025-10-14 21:40:42.869] [warning] Unable to open usb!
[2025-10-14 21:40:42.870] [warning] Not found camera!
[2025-10-14 21:40:42.970] [warning] MV_CC_StopGrabbing failed: 0x80000000
[2025-10-14 21:40:42.970] [warning] Unable to open usb!
[2025-10-14 21:40:42.970] [warning] Not found camera!
[2025-10-14 21:40:43.071] [warning] MV_CC_StopGrabbing failed: 0x80000000
[2025-10-14 21:40:43.071] [warning] Unable to open usb!
[2025-10-14 21:40:43.071] [warning] Not found camera!
[2025-10-14 21:40:43.172] [warning] MV_CC_StopGrabbing failed: 0x80000000
[2025-10-14 21:40:43.172] [warning] Unable to open usb!
[2025-10-14 21:40:43.172] [warning] Not found camera!
[2025-10-14 21:40:43.272] [warning] MV_CC_StopGrabbing failed: 0x80000000
[2025-10-14 21:40:43.272] [warning] Unable to open usb!
[2025-10-14 21:40:43.273] [warning] Not found camera!
[2025-10-14 21:40:43.373] [warning] MV_CC_StopGrabbing failed: 0x80000000
[2025-10-14 21:40:43.373] [warning] Unable to open usb!
[2025-10-14 21:40:43.375] [warning] Not found camera!
[2025-10-14 21:40:43.475] [warning] MV_CC_StopGrabbing failed: 0x80000000
[2025-10-14 21:40:43.475] [warning] Unable to open usb!
[2025-10-14 21:40:43.475] [warning] Not found camera!
[2025-10-14 21:40:43.577] [warning] MV_CC_StopGrabbing failed: 0x80000000
[2025-10-14 21:40:43.577] [warning] Unable to open usb!
[2025-10-14 21:40:43.578] [warning] Not found camera!
[2025-10-14 21:40:43.678] [warning] MV_CC_StopGrabbing failed: 0x80000000
[2025-10-14 21:40:43.678] [warning] Unable to open usb!
[2025-10-14 21:40:43.678] [warning] Not found camera!
[2025-10-14 21:40:43.778] [warning] MV_CC_StopGrabbing failed: 0x80000000
[2025-10-14 21:40:43.778] [warning] Unable to open usb!
[2025-10-14 21:40:43.779] [warning] Not found camera!
[2025-10-14 21:40:43.879] [warning] MV_CC_StopGrabbing failed: 0x80000000
[2025-10-14 21:40:43.879] [warning] Unable to open usb!
[2025-10-14 21:40:43.879] [warning] Not found camera!
[2025-10-14 21:40:43.979] [warning] MV_CC_StopGrabbing failed: 0x80000000
[2025-10-14 21:40:43.979] [warning] Unable to open usb!
[2025-10-14 21:40:43.980] [warning] Not found camera!
[2025-10-14 21:40:44.080] [warning] MV_CC_StopGrabbing failed: 0x80000000
[2025-10-14 21:40:44.080] [warning] Unable to open usb!
[2025-10-14 21:40:44.080] [warning] Not found camera!
[2025-10-14 21:40:44.180] [warning] MV_CC_StopGrabbing failed: 0x80000000
[2025-10-14 21:40:44.180] [warning] Unable to open usb!
[2025-10-14 21:40:44.181] [warning] Not found camera!
[2025-10-14 21:40:44.281] [warning] MV_CC_StopGrabbing failed: 0x80000000
[2025-10-14 21:40:44.281] [warning] Unable to open usb!
[2025-10-14 21:40:44.282] [warning] Not found camera!
[2025-10-14 21:40:44.382] [warning] MV_CC_StopGrabbing failed: 0x80000000
[2025-10-14 21:40:44.382] [warning] Unable to open usb!
[2025-10-14 21:40:44.382] [warning] Not found camera!
[2025-10-14 21:40:44.482] [warning] MV_CC_StopGrabbing failed: 0x80000000
[2025-10-14 21:40:44.482] [warning] Unable to open usb!
[2025-10-14 21:40:44.483] [warning] Not found camera!
[2025-10-14 21:40:44.583] [warning] MV_CC_StopGrabbing failed: 0x80000000
[2025-10-14 21:40:44.583] [warning] Unable to open usb!
[2025-10-14 21:40:44.583] [warning] Not found camera!
[2025-10-14 21:40:44.683] [warning] MV_CC_StopGrabbing failed: 0x80000000
[2025-10-14 21:40:44.683] [warning] Unable to open usb!
[2025-10-14 21:40:44.684] [warning] Not found camera!
[2025-10-14 21:40:44.784] [warning] MV_CC_StopGrabbing failed: 0x80000000
[2025-10-14 21:40:44.784] [warning] Unable to open usb!
[2025-10-14 21:40:44.784] [warning] Not found camera!
[2025-10-14 21:40:44.884] [warning] MV_CC_StopGrabbing failed: 0x80000000
[2025-10-14 21:40:44.885] [warning] Unable to open usb!
[2025-10-14 21:40:44.885] [warning] Not found camera!
[2025-10-14 21:40:44.985] [warning] MV_CC_StopGrabbing failed: 0x80000000
[2025-10-14 21:40:44.985] [warning] Unable to open usb!
[2025-10-14 21:40:44.986] [warning] Not found camera!
[2025-10-14 21:40:45.086] [warning] MV_CC_StopGrabbing failed: 0x80000000
[2025-10-14 21:40:45.086] [warning] Unable to open usb!
[2025-10-14 21:40:45.086] [warning] Not found camera!
[2025-10-14 21:40:45.186] [warning] MV_CC_StopGrabbing failed: 0x80000000
[2025-10-14 21:40:45.186] [warning] Unable to open usb!
[2025-10-14 21:40:45.186] [warning] Not found camera!
[2025-10-14 21:40:45.287] [warning] MV_CC_StopGrabbing failed: 0x80000000
[2025-10-14 21:40:45.287] [warning] Unable to open usb!
[2025-10-14 21:40:45.287] [warning] Not found camera!
[2025-10-14 21:40:45.387] [warning] MV_CC_StopGrabbing failed: 0x80000000
[2025-10-14 21:40:45.388] [warning] Unable to open usb!
[2025-10-14 21:40:45.388] [warning] Not found camera!
[2025-10-14 21:40:45.488] [warning] MV_CC_StopGrabbing failed: 0x80000000
[2025-10-14 21:40:45.488] [warning] Unable to open usb!
[2025-10-14 21:40:45.489] [warning] Not found camera!
[2025-10-14 21:40:45.589] [warning] MV_CC_StopGrabbing failed: 0x80000000
[2025-10-14 21:40:45.590] [warning] Unable to open usb!
[2025-10-14 21:40:45.590] [warning] Not found camera!
[2025-10-14 21:40:45.691] [warning] MV_CC_StopGrabbing failed: 0x80000000
[2025-10-14 21:40:45.692] [warning] Unable to open usb!
[2025-10-14 21:40:45.693] [warning] Not found camera!
[2025-10-14 21:40:45.793] [warning] MV_CC_StopGrabbing failed: 0x80000000
[2025-10-14 21:40:45.793] [warning] Unable to open usb!
[2025-10-14 21:40:45.793] [warning] Not found camera!
[2025-10-14 21:40:45.894] [warning] MV_CC_StopGrabbing failed: 0x80000000
[2025-10-14 21:40:45.894] [warning] Unable to open usb!
[2025-10-14 21:40:45.894] [warning] Not found camera!
[2025-10-14 21:40:45.994] [warning] MV_CC_StopGrabbing failed: 0x80000000
[2025-10-14 21:40:45.994] [warning] Unable to open usb!
[2025-10-14 21:40:45.995] [warning] Not found camera!
[2025-10-14 21:40:46.095] [warning] MV_CC_StopGrabbing failed: 0x80000000
[2025-10-14 21:40:46.095] [warning] Unable to open usb!
[2025-10-14 21:40:46.096] [warning] Not found camera!
[2025-10-14 21:40:46.196] [warning] MV_CC_StopGrabbing failed: 0x80000000
[2025-10-14 21:40:46.196] [warning] Unable to open usb!
[2025-10-14 21:40:46.197] [warning] Not found camera!
[2025-10-14 21:40:46.297] [warning] MV_CC_StopGrabbing failed: 0x80000000
[2025-10-14 21:40:46.297] [warning] Unable to open usb!
[2025-10-14 21:40:46.297] [warning] Not found camera!
[2025-10-14 21:40:46.398] [warning] MV_CC_StopGrabbing failed: 0x80000000
[2025-10-14 21:40:46.398] [warning] Unable to open usb!
[2025-10-14 21:40:46.399] [warning] Not found camera!
[2025-10-14 21:40:46.499] [warning] MV_CC_StopGrabbing failed: 0x80000000
[2025-10-14 21:40:46.499] [warning] Unable to open usb!
[2025-10-14 21:40:46.500] [warning] Not found camera!
[2025-10-14 21:40:46.600] [warning] MV_CC_StopGrabbing failed: 0x80000000
[2025-10-14 21:40:46.600] [warning] Unable to open usb!
[2025-10-14 21:40:46.600] [warning] Not found camera!
[2025-10-14 21:40:46.700] [warning] MV_CC_StopGrabbing failed: 0x80000000
[2025-10-14 21:40:46.701] [warning] Unable to open usb!
[2025-10-14 21:40:46.701] [warning] Not found camera!
[2025-10-14 21:40:46.801] [warning] MV_CC_StopGrabbing failed: 0x80000000
[2025-10-14 21:40:46.801] [warning] Unable to open usb!
[2025-10-14 21:40:46.801] [warning] Not found camera!
[2025-10-14 21:40:46.902] [warning] MV_CC_StopGrabbing failed: 0x80000000
[2025-10-14 21:40:46.902] [warning] Unable to open usb!
[2025-10-14 21:40:46.902] [warning] Not found camera!
[2025-10-14 21:40:47.002] [warning] MV_CC_StopGrabbing failed: 0x80000000
[2025-10-14 21:40:47.002] [warning] Unable to open usb!
[2025-10-14 21:40:47.002] [warning] Not found camera!
[2025-10-14 21:40:47.103] [warning] MV_CC_StopGrabbing failed: 0x80000000
[2025-10-14 21:40:47.103] [warning] Unable to open usb!
[2025-10-14 21:40:47.103] [warning] Not found camera!
[2025-10-14 21:40:47.203] [warning] MV_CC_StopGrabbing failed: 0x80000000
[2025-10-14 21:40:47.203] [warning] Unable to open usb!
[2025-10-14 21:40:47.203] [warning] Not found camera!
[2025-10-14 21:40:47.304] [warning] MV_CC_StopGrabbing failed: 0x80000000
[2025-10-14 21:40:47.304] [warning] Unable to open usb!
[2025-10-14 21:40:47.305] [warning] Not found camera!
[2025-10-14 21:40:47.405] [warning] MV_CC_StopGrabbing failed: 0x80000000
[2025-10-14 21:40:47.405] [warning] Unable to open usb!
[2025-10-14 21:40:47.406] [warning] Not found camera!
[2025-10-14 21:40:47.506] [warning] MV_CC_StopGrabbing failed: 0x80000000
[2025-10-14 21:40:47.506] [warning] Unable to open usb!
[2025-10-14 21:40:47.506] [warning] Not found camera!
[2025-10-14 21:40:47.606] [warning] MV_CC_StopGrabbing failed: 0x80000000
[2025-10-14 21:40:47.607] [warning] Unable to open usb!
[2025-10-14 21:40:47.607] [warning] Not found camera!
[2025-10-14 21:40:47.707] [warning] MV_CC_StopGrabbing failed: 0x80000000
[2025-10-14 21:40:47.707] [warning] Unable to open usb!
[2025-10-14 21:40:47.707] [warning] Not found camera!
[2025-10-14 21:40:47.807] [warning] MV_CC_StopGrabbing failed: 0x80000000
[2025-10-14 21:40:47.808] [warning] Unable to open usb!
[2025-10-14 21:40:47.808] [warning] Not found camera!
[2025-10-14 21:40:47.908] [warning] MV_CC_StopGrabbing failed: 0x80000000
[2025-10-14 21:40:47.908] [warning] Unable to open usb!
[2025-10-14 21:40:47.908] [warning] Not found camera!
[2025-10-14 21:40:48.008] [warning] MV_CC_StopGrabbing failed: 0x80000000
[2025-10-14 21:40:48.008] [warning] Unable to open usb!
[2025-10-14 21:40:48.009] [warning] Not found camera!
[2025-10-14 21:40:48.110] [warning] MV_CC_StopGrabbing failed: 0x80000000
[2025-10-14 21:40:48.110] [warning] Unable to open usb!
[2025-10-14 21:40:48.111] [warning] Not found camera!
[2025-10-14 21:40:48.211] [warning] MV_CC_StopGrabbing failed: 0x80000000
[2025-10-14 21:40:48.211] [warning] Unable to open usb!
[2025-10-14 21:40:48.211] [warning] Not found camera!
[2025-10-14 21:40:48.311] [warning] MV_CC_StopGrabbing failed: 0x80000000
[2025-10-14 21:40:48.311] [warning] Unable to open usb!
[2025-10-14 21:40:48.312] [warning] Not found camera!
[2025-10-14 21:40:48.412] [warning] MV_CC_StopGrabbing failed: 0x80000000
[2025-10-14 21:40:48.412] [warning] Unable to open usb!
[2025-10-14 21:40:48.412] [warning] Not found camera!
[2025-10-14 21:40:48.512] [warning] MV_CC_StopGrabbing failed: 0x80000000
[2025-10-14 21:40:48.512] [warning] Unable to open usb!
[2025-10-14 21:40:48.512] [warning] Not found camera!
[2025-10-14 21:40:48.613] [warning] MV_CC_StopGrabbing failed: 0x80000000
[2025-10-14 21:40:48.613] [warning] Unable to open usb!
[2025-10-14 21:40:48.613] [warning] Not found camera!
[2025-10-14 21:40:48.713] [warning] MV_CC_StopGrabbing failed: 0x80000000
[2025-10-14 21:40:48.713] [warning] Unable to open usb!
[2025-10-14 21:40:48.714] [warning] Not found camera!
[2025-10-14 21:40:48.814] [warning] MV_CC_StopGrabbing failed: 0x80000000
[2025-10-14 21:40:48.814] [warning] Unable to open usb!
[2025-10-14 21:40:48.814] [warning] Not found camera!
[2025-10-14 21:40:48.914] [warning] MV_CC_StopGrabbing failed: 0x80000000
[2025-10-14 21:40:48.914] [warning] Unable to open usb!
[2025-10-14 21:40:48.915] [warning] Not found camera!
[2025-10-14 21:40:49.015] [warning] MV_CC_StopGrabbing failed: 0x80000000
[2025-10-14 21:40:49.015] [warning] Unable to open usb!
[2025-10-14 21:40:49.015] [warning] Not found camera!
[2025-10-14 21:40:49.116] [warning] MV_CC_StopGrabbing failed: 0x80000000
[2025-10-14 21:40:49.116] [warning] Unable to open usb!
[2025-10-14 21:40:49.116] [warning] Not found camera!
[2025-10-14 21:40:49.216] [warning] MV_CC_StopGrabbing failed: 0x80000000
[2025-10-14 21:40:49.216] [warning] Unable to open usb!
[2025-10-14 21:40:49.217] [warning] Not found camera!
[2025-10-14 21:40:49.317] [warning] MV_CC_StopGrabbing failed: 0x80000000
[2025-10-14 21:40:49.317] [warning] Unable to open usb!
[2025-10-14 21:40:49.317] [warning] Not found camera!
[2025-10-14 21:40:49.418] [warning] MV_CC_StopGrabbing failed: 0x80000000
[2025-10-14 21:40:49.418] [warning] Unable to open usb!
[2025-10-14 21:40:49.418] [warning] Not found camera!
[2025-10-14 21:40:49.518] [warning] MV_CC_StopGrabbing failed: 0x80000000
[2025-10-14 21:40:49.518] [warning] Unable to open usb!
[2025-10-14 21:40:49.518] [warning] Not found camera!
[2025-10-14 21:40:49.619] [warning] MV_CC_StopGrabbing failed: 0x80000000
[2025-10-14 21:40:49.619] [warning] Unable to open usb!
[2025-10-14 21:40:49.619] [warning] Not found camera!
[2025-10-14 21:40:49.719] [warning] MV_CC_StopGrabbing failed: 0x80000000
[2025-10-14 21:40:49.719] [warning] Unable to open usb!
[2025-10-14 21:40:49.719] [warning] Not found camera!
[2025-10-14 21:40:49.820] [warning] MV_CC_StopGrabbing failed: 0x80000000
[2025-10-14 21:40:49.820] [warning] Unable to open usb!
[2025-10-14 21:40:49.820] [warning] Not found camera!
[2025-10-14 21:40:49.920] [warning] MV_CC_StopGrabbing failed: 0x80000000
[2025-10-14 21:40:49.921] [warning] Unable to open usb!
[2025-10-14 21:40:49.921] [warning] Not found camera!
[2025-10-14 21:40:50.021] [warning] MV_CC_StopGrabbing failed: 0x80000000
[2025-10-14 21:40:50.021] [warning] Unable to open usb!
[2025-10-14 21:40:50.022] [warning] Not found camera!
[2025-10-14 21:40:50.122] [warning] MV_CC_StopGrabbing failed: 0x80000000
[2025-10-14 21:40:50.122] [warning] Unable to open usb!
[2025-10-14 21:40:50.123] [warning] Not found camera!
[2025-10-14 21:40:50.223] [warning] MV_CC_StopGrabbing failed: 0x80000000
[2025-10-14 21:40:50.223] [warning] Unable to open usb!
[2025-10-14 21:40:50.223] [warning] Not found camera!
[2025-10-14 21:40:50.323] [warning] MV_CC_StopGrabbing failed: 0x80000000
[2025-10-14 21:40:50.323] [warning] Unable to open usb!
[2025-10-14 21:40:50.323] [warning] Not found camera!
[2025-10-14 21:40:50.424] [warning] MV_CC_StopGrabbing failed: 0x80000000
[2025-10-14 21:40:50.424] [warning] Unable to open usb!
[2025-10-14 21:40:50.424] [warning] Not found camera!
[2025-10-14 21:40:50.525] [warning] MV_CC_StopGrabbing failed: 0x80000000
[2025-10-14 21:40:50.525] [warning] Unable to open usb!
[2025-10-14 21:40:50.525] [warning] Not found camera!
[2025-10-14 21:40:50.625] [warning] MV_CC_StopGrabbing failed: 0x80000000
[2025-10-14 21:40:50.625] [warning] Unable to open usb!
[2025-10-14 21:40:50.626] [warning] Not found camera!
[2025-10-14 21:40:50.726] [warning] MV_CC_StopGrabbing failed: 0x80000000
[2025-10-14 21:40:50.726] [warning] Unable to open usb!
[2025-10-14 21:40:50.727] [warning] Not found camera!
[2025-10-14 21:40:50.827] [warning] MV_CC_StopGrabbing failed: 0x80000000
[2025-10-14 21:40:50.827] [warning] Unable to open usb!
[2025-10-14 21:40:50.828] [warning] Not found camera!
[2025-10-14 21:40:50.928] [warning] MV_CC_StopGrabbing failed: 0x80000000
[2025-10-14 21:40:50.928] [warning] Unable to open usb!
[2025-10-14 21:40:50.929] [warning] Not found camera!
[2025-10-14 21:40:51.029] [warning] MV_CC_StopGrabbing failed: 0x80000000
[2025-10-14 21:40:51.029] [warning] Unable to open usb!
[2025-10-14 21:40:51.029] [warning] Not found camera!
[2025-10-14 21:40:51.129] [warning] MV_CC_StopGrabbing failed: 0x80000000
[2025-10-14 21:40:51.129] [warning] Unable to open usb!
[2025-10-14 21:40:51.130] [warning] Not found camera!
[2025-10-14 21:40:51.230] [warning] MV_CC_StopGrabbing failed: 0x80000000
[2025-10-14 21:40:51.230] [warning] Unable to open usb!
[2025-10-14 21:40:51.230] [warning] Not found camera!
[2025-10-14 21:40:51.331] [warning] MV_CC_StopGrabbing failed: 0x80000000
[2025-10-14 21:40:51.331] [warning] Unable to open usb!
[2025-10-14 21:40:51.331] [warning] Not found camera!
[2025-10-14 21:40:51.431] [warning] MV_CC_StopGrabbing failed: 0x80000000
[2025-10-14 21:40:51.431] [warning] Unable to open usb!
[2025-10-14 21:40:51.432] [warning] Not found camera!
[2025-10-14 21:40:51.532] [warning] MV_CC_StopGrabbing failed: 0x80000000
[2025-10-14 21:40:51.532] [warning] Unable to open usb!
[2025-10-14 21:40:51.532] [warning] Not found camera!
[2025-10-14 21:40:51.632] [warning] MV_CC_StopGrabbing failed: 0x80000000
[2025-10-14 21:40:51.633] [warning] Unable to open usb!
[2025-10-14 21:40:51.633] [warning] Not found camera!
[2025-10-14 21:40:51.733] [warning] MV_CC_StopGrabbing failed: 0x80000000
[2025-10-14 21:40:51.733] [warning] Unable to open usb!
[2025-10-14 21:40:51.734] [warning] Not found camera!
[2025-10-14 21:40:51.834] [warning] MV_CC_StopGrabbing failed: 0x80000000
[2025-10-14 21:40:51.834] [warning] Unable to open usb!
[2025-10-14 21:40:51.835] [warning] Not found camera!
[2025-10-14 21:40:51.936] [warning] MV_CC_StopGrabbing failed: 0x80000000
[2025-10-14 21:40:51.936] [warning] Unable to open usb!
[2025-10-14 21:40:51.936] [warning] Not found camera!
[2025-10-14 21:40:52.036] [warning] MV_CC_StopGrabbing failed: 0x80000000
[2025-10-14 21:40:52.036] [warning] Unable to open usb!
[2025-10-14 21:40:52.037] [warning] Not found camera!
[2025-10-14 21:40:52.137] [warning] MV_CC_StopGrabbing failed: 0x80000000
[2025-10-14 21:40:52.137] [warning] Unable to open usb!
[2025-10-14 21:40:52.137] [warning] Not found camera!
[2025-10-14 21:40:52.238] [warning] MV_CC_StopGrabbing failed: 0x80000000
[2025-10-14 21:40:52.238] [warning] Unable to open usb!
[2025-10-14 21:40:52.238] [warning] Not found camera!
[2025-10-14 21:40:52.338] [warning] MV_CC_StopGrabbing failed: 0x80000000
[2025-10-14 21:40:52.339] [warning] Unable to open usb!
[2025-10-14 21:40:52.339] [warning] Not found camera!
[2025-10-14 21:40:52.439] [warning] MV_CC_StopGrabbing failed: 0x80000000
[2025-10-14 21:40:52.439] [warning] Unable to open usb!
[2025-10-14 21:40:52.439] [warning] Not found camera!
[2025-10-14 21:40:52.540] [warning] MV_CC_StopGrabbing failed: 0x80000000
[2025-10-14 21:40:52.540] [warning] Unable to open usb!
[2025-10-14 21:40:52.540] [warning] Not found camera!
[2025-10-14 21:40:52.640] [warning] MV_CC_StopGrabbing failed: 0x80000000
[2025-10-14 21:40:52.640] [warning] Unable to open usb!
[2025-10-14 21:40:52.641] [warning] Not found camera!
[2025-10-14 21:40:52.741] [warning] MV_CC_StopGrabbing failed: 0x80000000
[2025-10-14 21:40:52.741] [warning] Unable to open usb!
[2025-10-14 21:40:52.741] [warning] Not found camera!
[2025-10-14 21:40:52.842] [warning] MV_CC_StopGrabbing failed: 0x80000000
[2025-10-14 21:40:52.842] [warning] Unable to open usb!
[2025-10-14 21:40:52.842] [warning] Not found camera!
[2025-10-14 21:40:52.942] [warning] MV_CC_StopGrabbing failed: 0x80000000
[2025-10-14 21:40:52.942] [warning] Unable to open usb!
[2025-10-14 21:40:52.943] [warning] Not found camera!
[2025-10-14 21:40:53.043] [warning] MV_CC_StopGrabbing failed: 0x80000000
[2025-10-14 21:40:53.043] [warning] Unable to open usb!
[2025-10-14 21:40:53.043] [warning] Not found camera!
[2025-10-14 21:40:53.143] [warning] MV_CC_StopGrabbing failed: 0x80000000
[2025-10-14 21:40:53.144] [warning] Unable to open usb!
[2025-10-14 21:40:53.144] [warning] Not found camera!
[2025-10-14 21:40:53.244] [warning] MV_CC_StopGrabbing failed: 0x80000000
[2025-10-14 21:40:53.244] [warning] Unable to open usb!
[2025-10-14 21:40:53.244] [warning] Not found camera!
[2025-10-14 21:40:53.344] [warning] MV_CC_StopGrabbing failed: 0x80000000
[2025-10-14 21:40:53.345] [warning] Unable to open usb!
[2025-10-14 21:40:53.345] [warning] Not found camera!
[2025-10-14 21:40:53.445] [warning] MV_CC_StopGrabbing failed: 0x80000000
[2025-10-14 21:40:53.445] [warning] Unable to open usb!
[2025-10-14 21:40:53.445] [warning] Not found camera!
[2025-10-14 21:40:53.546] [warning] MV_CC_StopGrabbing failed: 0x80000000
[2025-10-14 21:40:53.546] [warning] Unable to open usb!
[2025-10-14 21:40:53.546] [warning] Not found camera!
[2025-10-14 21:40:53.646] [warning] MV_CC_StopGrabbing failed: 0x80000000
[2025-10-14 21:40:53.646] [warning] Unable to open usb!
[2025-10-14 21:40:53.647] [warning] Not found camera!
[2025-10-14 21:40:53.747] [warning] MV_CC_StopGrabbing failed: 0x80000000
[2025-10-14 21:40:53.747] [warning] Unable to open usb!
[2025-10-14 21:40:53.747] [warning] Not found camera!
[2025-10-14 21:40:53.848] [warning] MV_CC_StopGrabbing failed: 0x80000000
[2025-10-14 21:40:53.848] [warning] Unable to open usb!
[2025-10-14 21:40:53.848] [warning] Not found camera!
[2025-10-14 21:40:53.948] [warning] MV_CC_StopGrabbing failed: 0x80000000
[2025-10-14 21:40:53.948] [warning] Unable to open usb!
[2025-10-14 21:40:53.948] [warning] Not found camera!
[2025-10-14 21:40:54.049] [warning] MV_CC_StopGrabbing failed: 0x80000000
[2025-10-14 21:40:54.049] [warning] Unable to open usb!
[2025-10-14 21:40:54.049] [warning] Not found camera!
[2025-10-14 21:40:54.149] [warning] MV_CC_StopGrabbing failed: 0x80000000
[2025-10-14 21:40:54.149] [warning] Unable to open usb!
[2025-10-14 21:40:54.150] [warning] Not found camera!
[2025-10-14 21:40:54.251] [warning] MV_CC_StopGrabbing failed: 0x80000000
[2025-10-14 21:40:54.251] [warning] Unable to open usb!
[2025-10-14 21:40:54.251] [warning] Not found camera!
[2025-10-14 21:40:54.352] [warning] MV_CC_StopGrabbing failed: 0x80000000
[2025-10-14 21:40:54.352] [warning] Unable to open usb!
[2025-10-14 21:40:54.352] [warning] Not found camera!
[2025-10-14 21:40:54.452] [warning] MV_CC_StopGrabbing failed: 0x80000000
[2025-10-14 21:40:54.452] [warning] Unable to open usb!
[2025-10-14 21:40:54.453] [warning] Not found camera!
[2025-10-14 21:40:54.553] [warning] MV_CC_StopGrabbing failed: 0x80000000
[2025-10-14 21:40:54.553] [warning] Unable to open usb!
[2025-10-14 21:40:54.553] [warning] Not found camera!
[2025-10-14 21:40:54.654] [warning] MV_CC_StopGrabbing failed: 0x80000000
[2025-10-14 21:40:54.654] [warning] Unable to open usb!
[2025-10-14 21:40:54.654] [warning] Not found camera!
[2025-10-14 21:40:54.754] [warning] MV_CC_StopGrabbing failed: 0x80000000
[2025-10-14 21:40:54.754] [warning] Unable to open usb!
[2025-10-14 21:40:54.755] [warning] Not found camera!
[2025-10-14 21:40:54.855] [warning] MV_CC_StopGrabbing failed: 0x80000000
[2025-10-14 21:40:54.855] [warning] Unable to open usb!
[2025-10-14 21:40:54.856] [warning] Not found camera!
[2025-10-14 21:40:54.956] [warning] MV_CC_StopGrabbing failed: 0x80000000
[2025-10-14 21:40:54.956] [warning] Unable to open usb!
[2025-10-14 21:40:54.956] [warning] Not found camera!
[2025-10-14 21:40:55.057] [warning] MV_CC_StopGrabbing failed: 0x80000000
[2025-10-14 21:40:55.057] [warning] Unable to open usb!
[2025-10-14 21:40:55.057] [warning] Not found camera!
[2025-10-14 21:40:55.158] [warning] MV_CC_StopGrabbing failed: 0x80000000
[2025-10-14 21:40:55.158] [warning] Unable to open usb!
[2025-10-14 21:40:55.158] [warning] Not found camera!
[2025-10-14 21:40:55.258] [warning] MV_CC_StopGrabbing failed: 0x80000000
[2025-10-14 21:40:55.258] [warning] Unable to open usb!
[2025-10-14 21:40:55.259] [warning] Not found camera!
[2025-10-14 21:40:55.359] [warning] MV_CC_StopGrabbing failed: 0x80000000
[2025-10-14 21:40:55.359] [warning] Unable to open usb!
[2025-10-14 21:40:55.360] [warning] Not found camera!
[2025-10-14 21:40:55.460] [warning] MV_CC_StopGrabbing failed: 0x80000000
[2025-10-14 21:40:55.460] [warning] Unable to open usb!
[2025-10-14 21:40:55.460] [warning] Not found camera!
[2025-10-14 21:40:55.561] [warning] MV_CC_StopGrabbing failed: 0x80000000
[2025-10-14 21:40:55.561] [warning] Unable to open usb!
[2025-10-14 21:40:55.561] [warning] Not found camera!
[2025-10-14 21:40:55.662] [warning] MV_CC_StopGrabbing failed: 0x80000000
[2025-10-14 21:40:55.662] [warning] Unable to open usb!
[2025-10-14 21:40:55.662] [warning] Not found camera!
[2025-10-14 21:40:55.762] [warning] MV_CC_StopGrabbing failed: 0x80000000
[2025-10-14 21:40:55.762] [warning] Unable to open usb!
[2025-10-14 21:40:55.763] [warning] Not found camera!
[2025-10-14 21:40:55.863] [warning] MV_CC_StopGrabbing failed: 0x80000000
[2025-10-14 21:40:55.863] [warning] Unable to open usb!
[2025-10-14 21:40:55.864] [warning] Not found camera!
[2025-10-14 21:40:55.964] [warning] MV_CC_StopGrabbing failed: 0x80000000
[2025-10-14 21:40:55.964] [warning] Unable to open usb!
[2025-10-14 21:40:55.964] [warning] Not found camera!
[2025-10-14 21:40:56.065] [warning] MV_CC_StopGrabbing failed: 0x80000000
[2025-10-14 21:40:56.065] [warning] Unable to open usb!
[2025-10-14 21:40:56.065] [warning] Not found camera!
[2025-10-14 21:40:56.166] [warning] MV_CC_StopGrabbing failed: 0x80000000
[2025-10-14 21:40:56.166] [warning] Unable to open usb!
[2025-10-14 21:40:56.166] [warning] Not found camera!
[2025-10-14 21:40:56.266] [warning] MV_CC_StopGrabbing failed: 0x80000000
[2025-10-14 21:40:56.266] [warning] Unable to open usb!
[2025-10-14 21:40:56.267] [warning] Not found camera!
[2025-10-14 21:40:56.367] [warning] MV_CC_StopGrabbing failed: 0x80000000
[2025-10-14 21:40:56.368] [warning] Unable to open usb!
[2025-10-14 21:40:56.368] [warning] Not found camera!
[2025-10-14 21:40:56.468] [warning] MV_CC_StopGrabbing failed: 0x80000000
[2025-10-14 21:40:56.468] [warning] Unable to open usb!
[2025-10-14 21:40:56.469] [warning] Not found camera!
[2025-10-14 21:40:56.569] [warning] MV_CC_StopGrabbing failed: 0x80000000
[2025-10-14 21:40:56.569] [warning] Unable to open usb!
[2025-10-14 21:40:56.569] [warning] Not found camera!
[2025-10-14 21:40:56.670] [warning] MV_CC_StopGrabbing failed: 0x80000000
[2025-10-14 21:40:56.670] [warning] Unable to open usb!
[2025-10-14 21:40:56.670] [warning] Not found camera!
[2025-10-14 21:40:56.770] [warning] MV_CC_StopGrabbing failed: 0x80000000
[2025-10-14 21:40:56.770] [warning] Unable to open usb!
[2025-10-14 21:40:56.771] [warning] Not found camera!
[2025-10-14 21:40:56.871] [warning] MV_CC_StopGrabbing failed: 0x80000000
[2025-10-14 21:40:56.871] [warning] Unable to open usb!
[2025-10-14 21:40:56.872] [warning] Not found camera!
[2025-10-14 21:40:56.972] [warning] MV_CC_StopGrabbing failed: 0x80000000
[2025-10-14 21:40:56.972] [warning] Unable to open usb!
[2025-10-14 21:40:56.972] [warning] Not found camera!
[2025-10-14 21:40:57.072] [warning] MV_CC_StopGrabbing failed: 0x80000000
[2025-10-14 21:40:57.072] [warning] Unable to open usb!
[2025-10-14 21:40:57.073] [warning] Not found camera!
[2025-10-14 21:40:57.173] [warning] MV_CC_StopGrabbing failed: 0x80000000
[2025-10-14 21:40:57.173] [warning] Unable to open usb!
[2025-10-14 21:40:57.173] [warning] Not found camera!
[2025-10-14 21:40:57.274] [warning] MV_CC_StopGrabbing failed: 0x80000000
[2025-10-14 21:40:57.274] [warning] Unable to open usb!
[2025-10-14 21:40:57.274] [warning] Not found camera!
[2025-10-14 21:40:57.375] [warning] MV_CC_StopGrabbing failed: 0x80000000
[2025-10-14 21:40:57.375] [warning] Unable to open usb!
[2025-10-14 21:40:57.375] [warning] Not found camera!
[2025-10-14 21:40:57.476] [warning] MV_CC_StopGrabbing failed: 0x80000000
[2025-10-14 21:40:57.476] [warning] Unable to open usb!
[2025-10-14 21:40:57.476] [warning] Not found camera!
[2025-10-14 21:40:57.576] [warning] MV_CC_StopGrabbing failed: 0x80000000
[2025-10-14 21:40:57.576] [warning] Unable to open usb!
[2025-10-14 21:40:57.577] [warning] Not found camera!
[2025-10-14 21:40:57.677] [warning] MV_CC_StopGrabbing failed: 0x80000000
[2025-10-14 21:40:57.677] [warning] Unable to open usb!
[2025-10-14 21:40:57.677] [warning] Not found camera!
[2025-10-14 21:40:57.778] [warning] MV_CC_StopGrabbing failed: 0x80000000
[2025-10-14 21:40:57.778] [warning] Unable to open usb!
[2025-10-14 21:40:57.779] [warning] Not found camera!
[2025-10-14 21:40:57.879] [warning] MV_CC_StopGrabbing failed: 0x80000000
[2025-10-14 21:40:57.879] [warning] Unable to open usb!
[2025-10-14 21:40:57.880] [warning] Not found camera!
[2025-10-14 21:40:57.980] [warning] MV_CC_StopGrabbing failed: 0x80000000
[2025-10-14 21:40:57.980] [warning] Unable to open usb!
[2025-10-14 21:40:57.980] [warning] Not found camera!
[2025-10-14 21:40:58.081] [warning] MV_CC_StopGrabbing failed: 0x80000000
[2025-10-14 21:40:58.081] [warning] Unable to open usb!
[2025-10-14 21:40:58.081] [warning] Not found camera!
[2025-10-14 21:40:58.181] [warning] MV_CC_StopGrabbing failed: 0x80000000
[2025-10-14 21:40:58.181] [warning] Unable to open usb!
[2025-10-14 21:40:58.181] [warning] Not found camera!
[2025-10-14 21:40:58.282] [warning] MV_CC_StopGrabbing failed: 0x80000000
[2025-10-14 21:40:58.282] [warning] Unable to open usb!
[2025-10-14 21:40:58.282] [warning] Not found camera!
[2025-10-14 21:40:58.382] [warning] MV_CC_StopGrabbing failed: 0x80000000
[2025-10-14 21:40:58.382] [warning] Unable to open usb!
[2025-10-14 21:40:58.383] [warning] Not found camera!
[2025-10-14 21:40:58.483] [warning] MV_CC_StopGrabbing failed: 0x80000000
[2025-10-14 21:40:58.483] [warning] Unable to open usb!
[2025-10-14 21:40:58.484] [warning] Not found camera!
[2025-10-14 21:40:58.584] [warning] MV_CC_StopGrabbing failed: 0x80000000
[2025-10-14 21:40:58.584] [warning] Unable to open usb!
[2025-10-14 21:40:58.584] [warning] Not found camera!
[2025-10-14 21:40:58.684] [warning] MV_CC_StopGrabbing failed: 0x80000000
[2025-10-14 21:40:58.684] [warning] Unable to open usb!
[2025-10-14 21:40:58.685] [warning] Not found camera!
[2025-10-14 21:40:58.785] [warning] MV_CC_StopGrabbing failed: 0x80000000
[2025-10-14 21:40:58.786] [warning] Unable to open usb!
[2025-10-14 21:40:58.786] [warning] Not found camera!
[2025-10-14 21:40:58.887] [warning] MV_CC_StopGrabbing failed: 0x80000000
[2025-10-14 21:40:58.887] [warning] Unable to open usb!
[2025-10-14 21:40:58.887] [warning] Not found camera!
[2025-10-14 21:40:58.987] [warning] MV_CC_StopGrabbing failed: 0x80000000
[2025-10-14 21:40:58.987] [warning] Unable to open usb!
[2025-10-14 21:40:58.988] [warning] Not found camera!
[2025-10-14 21:40:59.088] [warning] MV_CC_StopGrabbing failed: 0x80000000
[2025-10-14 21:40:59.088] [warning] Unable to open usb!
[2025-10-14 21:40:59.089] [warning] Not found camera!
[2025-10-14 21:40:59.189] [warning] MV_CC_StopGrabbing failed: 0x80000000
[2025-10-14 21:40:59.189] [warning] Unable to open usb!
[2025-10-14 21:40:59.190] [warning] Not found camera!
[2025-10-14 21:40:59.290] [warning] MV_CC_StopGrabbing failed: 0x80000000
[2025-10-14 21:40:59.290] [warning] Unable to open usb!
[2025-10-14 21:40:59.290] [warning] Not found camera!
[2025-10-14 21:40:59.391] [warning] MV_CC_StopGrabbing failed: 0x80000000
[2025-10-14 21:40:59.391] [warning] Unable to open usb!
[2025-10-14 21:40:59.392] [warning] Not found camera!
[2025-10-14 21:40:59.492] [warning] MV_CC_StopGrabbing failed: 0x80000000
[2025-10-14 21:40:59.492] [warning] Unable to open usb!
[2025-10-14 21:40:59.492] [warning] Not found camera!
[2025-10-14 21:40:59.592] [warning] MV_CC_StopGrabbing failed: 0x80000000
[2025-10-14 21:40:59.592] [warning] Unable to open usb!
[2025-10-14 21:40:59.593] [warning] Not found camera!
[2025-10-14 21:40:59.693] [warning] MV_CC_StopGrabbing failed: 0x80000000
[2025-10-14 21:40:59.693] [warning] Unable to open usb!
[2025-10-14 21:40:59.693] [warning] Not found camera!
[2025-10-14 21:40:59.794] [warning] MV_CC_StopGrabbing failed: 0x80000000
[2025-10-14 21:40:59.794] [warning] Unable to open usb!
[2025-10-14 21:40:59.794] [warning] Not found camera!
[2025-10-14 21:40:59.895] [warning] MV_CC_StopGrabbing failed: 0x80000000
[2025-10-14 21:40:59.895] [warning] Unable to open usb!
[2025-10-14 21:40:59.895] [warning] Not found camera!
[2025-10-14 21:40:59.995] [warning] MV_CC_StopGrabbing failed: 0x80000000
[2025-10-14 21:40:59.996] [warning] Unable to open usb!
[2025-10-14 21:40:59.996] [warning] Not found camera!
[2025-10-14 21:41:00.096] [warning] MV_CC_StopGrabbing failed: 0x80000000
[2025-10-14 21:41:00.097] [warning] Unable to open usb!
[2025-10-14 21:41:00.097] [warning] Not found camera!
[2025-10-14 21:41:00.197] [warning] MV_CC_StopGrabbing failed: 0x80000000
[2025-10-14 21:41:00.197] [warning] Unable to open usb!
[2025-10-14 21:41:00.198] [warning] Not found camera!
[2025-10-14 21:41:00.298] [warning] MV_CC_StopGrabbing failed: 0x80000000
[2025-10-14 21:41:00.298] [warning] Unable to open usb!
[2025-10-14 21:41:00.299] [warning] Not found camera!
[2025-10-14 21:41:00.399] [warning] MV_CC_StopGrabbing failed: 0x80000000
[2025-10-14 21:41:00.399] [warning] Unable to open usb!
[2025-10-14 21:41:00.399] [warning] Not found camera!
[2025-10-14 21:41:00.500] [warning] MV_CC_StopGrabbing failed: 0x80000000
[2025-10-14 21:41:00.500] [warning] Unable to open usb!
[2025-10-14 21:41:00.500] [warning] Not found camera!
[2025-10-14 21:41:00.601] [warning] MV_CC_StopGrabbing failed: 0x80000000
[2025-10-14 21:41:00.601] [warning] Unable to open usb!
[2025-10-14 21:41:00.602] [warning] Not found camera!
[2025-10-14 21:41:00.702] [warning] MV_CC_StopGrabbing failed: 0x80000000
[2025-10-14 21:41:00.702] [warning] Unable to open usb!
[2025-10-14 21:41:00.703] [warning] Not found camera!
[2025-10-14 21:41:00.803] [warning] MV_CC_StopGrabbing failed: 0x80000000
[2025-10-14 21:41:00.803] [warning] Unable to open usb!
[2025-10-14 21:41:00.803] [warning] Not found camera!
[2025-10-14 21:41:00.904] [warning] MV_CC_StopGrabbing failed: 0x80000000
[2025-10-14 21:41:00.904] [warning] Unable to open usb!
[2025-10-14 21:41:00.904] [warning] Not found camera!
[2025-10-14 21:41:01.005] [warning] MV_CC_StopGrabbing failed: 0x80000000
[2025-10-14 21:41:01.005] [warning] Unable to open usb!
[2025-10-14 21:41:01.005] [warning] Not found camera!
[2025-10-14 21:41:01.106] [warning] MV_CC_StopGrabbing failed: 0x80000000
[2025-10-14 21:41:01.106] [warning] Unable to open usb!
[2025-10-14 21:41:01.106] [warning] Not found camera!
[2025-10-14 21:41:01.207] [warning] MV_CC_StopGrabbing failed: 0x80000000
[2025-10-14 21:41:01.207] [warning] Unable to open usb!
[2025-10-14 21:41:01.207] [warning] Not found camera!
[2025-10-14 21:41:01.307] [warning] MV_CC_StopGrabbing failed: 0x80000000
[2025-10-14 21:41:01.307] [warning] Unable to open usb!
[2025-10-14 21:41:01.308] [warning] Not found camera!
[2025-10-14 21:41:01.408] [warning] MV_CC_StopGrabbing failed: 0x80000000
[2025-10-14 21:41:01.408] [warning] Unable to open usb!
[2025-10-14 21:41:01.409] [warning] Not found camera!
[2025-10-14 21:41:01.509] [warning] MV_CC_StopGrabbing failed: 0x80000000
[2025-10-14 21:41:01.509] [warning] Unable to open usb!
[2025-10-14 21:41:01.510] [warning] Not found camera!
[2025-10-14 21:41:01.611] [warning] MV_CC_StopGrabbing failed: 0x80000000
[2025-10-14 21:41:01.611] [warning] Unable to open usb!
[2025-10-14 21:41:01.613] [warning] Not found camera!
[2025-10-14 21:41:01.713] [warning] MV_CC_StopGrabbing failed: 0x80000000
[2025-10-14 21:41:01.713] [warning] Unable to open usb!
[2025-10-14 21:41:01.713] [warning] Not found camera!
[2025-10-14 21:41:01.814] [warning] MV_CC_StopGrabbing failed: 0x80000000
[2025-10-14 21:41:01.814] [warning] Unable to open usb!
[2025-10-14 21:41:01.814] [warning] Not found camera!
[2025-10-14 21:41:01.914] [warning] MV_CC_StopGrabbing failed: 0x80000000
[2025-10-14 21:41:01.914] [warning] Unable to open usb!
[2025-10-14 21:41:01.915] [warning] Not found camera!
[2025-10-14 21:41:02.015] [warning] MV_CC_StopGrabbing failed: 0x80000000
[2025-10-14 21:41:02.015] [warning] Unable to open usb!
[2025-10-14 21:41:02.016] [warning] Not found camera!
[2025-10-14 21:41:02.116] [warning] MV_CC_StopGrabbing failed: 0x80000000
[2025-10-14 21:41:02.117] [warning] Unable to open usb!
[2025-10-14 21:41:02.117] [warning] Not found camera!
[2025-10-14 21:41:02.218] [warning] MV_CC_StopGrabbing failed: 0x80000000
[2025-10-14 21:41:02.218] [warning] Unable to open usb!
[2025-10-14 21:41:02.219] [warning] Not found camera!
[2025-10-14 21:41:02.319] [warning] MV_CC_StopGrabbing failed: 0x80000000
[2025-10-14 21:41:02.319] [warning] Unable to open usb!
[2025-10-14 21:41:02.319] [warning] Not found camera!
[2025-10-14 21:41:02.420] [warning] MV_CC_StopGrabbing failed: 0x80000000
[2025-10-14 21:41:02.420] [warning] Unable to open usb!
[2025-10-14 21:41:02.420] [warning] Not found camera!
[2025-10-14 21:41:02.521] [warning] MV_CC_StopGrabbing failed: 0x80000000
[2025-10-14 21:41:02.521] [warning] Unable to open usb!
[2025-10-14 21:41:02.521] [warning] Not found camera!
[2025-10-14 21:41:02.621] [warning] MV_CC_StopGrabbing failed: 0x80000000
[2025-10-14 21:41:02.621] [warning] Unable to open usb!
[2025-10-14 21:41:02.622] [warning] Not found camera!
[2025-10-14 21:41:02.722] [warning] MV_CC_StopGrabbing failed: 0x80000000
[2025-10-14 21:41:02.722] [warning] Unable to open usb!
[2025-10-14 21:41:02.723] [warning] Not found camera!
[2025-10-14 21:41:02.823] [warning] MV_CC_StopGrabbing failed: 0x80000000
[2025-10-14 21:41:02.823] [warning] Unable to open usb!
[2025-10-14 21:41:02.824] [warning] Not found camera!
[2025-10-14 21:41:02.924] [warning] MV_CC_StopGrabbing failed: 0x80000000
[2025-10-14 21:41:02.924] [warning] Unable to open usb!
[2025-10-14 21:41:02.924] [warning] Not found camera!
[2025-10-14 21:41:03.025] [warning] MV_CC_StopGrabbing failed: 0x80000000
[2025-10-14 21:41:03.025] [warning] Unable to open usb!
[2025-10-14 21:41:03.025] [warning] Not found camera!
[2025-10-14 21:41:03.126] [warning] MV_CC_StopGrabbing failed: 0x80000000
[2025-10-14 21:41:03.126] [warning] Unable to open usb!
[2025-10-14 21:41:03.126] [warning] Not found camera!
[2025-10-14 21:41:03.227] [warning] MV_CC_StopGrabbing failed: 0x80000000
[2025-10-14 21:41:03.227] [warning] Unable to open usb!
[2025-10-14 21:41:03.227] [warning] Not found camera!
[2025-10-14 21:41:03.327] [warning] MV_CC_StopGrabbing failed: 0x80000000
[2025-10-14 21:41:03.328] [warning] Unable to open usb!
[2025-10-14 21:41:03.328] [warning] Not found camera!
[2025-10-14 21:41:03.429] [warning] MV_CC_StopGrabbing failed: 0x80000000
[2025-10-14 21:41:03.429] [warning] Unable to open usb!
[2025-10-14 21:41:03.429] [warning] Not found camera!
[2025-10-14 21:41:03.529] [warning] MV_CC_StopGrabbing failed: 0x80000000
[2025-10-14 21:41:03.529] [warning] Unable to open usb!
[2025-10-14 21:41:03.530] [warning] Not found camera!
[2025-10-14 21:41:03.630] [warning] MV_CC_StopGrabbing failed: 0x80000000
[2025-10-14 21:41:03.630] [warning] Unable to open usb!
[2025-10-14 21:41:03.631] [warning] Not found camera!
[2025-10-14 21:41:03.731] [warning] MV_CC_StopGrabbing failed: 0x80000000
[2025-10-14 21:41:03.731] [warning] Unable to open usb!
[2025-10-14 21:41:03.732] [warning] Not found camera!
[2025-10-14 21:41:03.832] [warning] MV_CC_StopGrabbing failed: 0x80000000
[2025-10-14 21:41:03.832] [warning] Unable to open usb!
[2025-10-14 21:41:03.832] [warning] Not found camera!
[2025-10-14 21:41:03.933] [warning] MV_CC_StopGrabbing failed: 0x80000000
[2025-10-14 21:41:03.933] [warning] Unable to open usb!
[2025-10-14 21:41:03.933] [warning] Not found camera!
[2025-10-14 21:41:04.033] [warning] MV_CC_StopGrabbing failed: 0x80000000
[2025-10-14 21:41:04.034] [warning] Unable to open usb!
[2025-10-14 21:41:04.034] [warning] Not found camera!
[2025-10-14 21:41:04.134] [warning] MV_CC_StopGrabbing failed: 0x80000000
[2025-10-14 21:41:04.134] [warning] Unable to open usb!
[2025-10-14 21:41:04.135] [warning] Not found camera!
[2025-10-14 21:41:04.235] [warning] MV_CC_StopGrabbing failed: 0x80000000
[2025-10-14 21:41:04.236] [warning] Unable to open usb!
[2025-10-14 21:41:04.238] [warning] Not found camera!
[2025-10-14 21:41:04.340] [warning] MV_CC_StopGrabbing failed: 0x80000000
[2025-10-14 21:41:04.340] [warning] Unable to open usb!
[2025-10-14 21:41:04.341] [warning] Not found camera!
[2025-10-14 21:41:04.441] [warning] MV_CC_StopGrabbing failed: 0x80000000
[2025-10-14 21:41:04.441] [warning] Unable to open usb!
[2025-10-14 21:41:04.441] [warning] Not found camera!
[2025-10-14 21:41:04.542] [warning] MV_CC_StopGrabbing failed: 0x80000000
[2025-10-14 21:41:04.542] [warning] Unable to open usb!
[2025-10-14 21:41:04.542] [warning] Not found camera!
[2025-10-14 21:41:04.642] [warning] MV_CC_StopGrabbing failed: 0x80000000
[2025-10-14 21:41:04.643] [warning] Unable to open usb!
[2025-10-14 21:41:04.643] [warning] Not found camera!
[2025-10-14 21:41:04.744] [warning] MV_CC_StopGrabbing failed: 0x80000000
[2025-10-14 21:41:04.744] [warning] Unable to open usb!
[2025-10-14 21:41:04.745] [warning] Not found camera!
[2025-10-14 21:41:04.845] [warning] MV_CC_StopGrabbing failed: 0x80000000
[2025-10-14 21:41:04.845] [warning] Unable to open usb!
[2025-10-14 21:41:04.845] [warning] Not found camera!
[2025-10-14 21:41:04.945] [warning] MV_CC_StopGrabbing failed: 0x80000000
[2025-10-14 21:41:04.945] [warning] Unable to open usb!
[2025-10-14 21:41:04.946] [warning] Not found camera!
[2025-10-14 21:41:05.046] [warning] MV_CC_StopGrabbing failed: 0x80000000
[2025-10-14 21:41:05.046] [warning] Unable to open usb!
[2025-10-14 21:41:05.047] [warning] Not found camera!
[2025-10-14 21:41:05.147] [warning] MV_CC_StopGrabbing failed: 0x80000000
[2025-10-14 21:41:05.147] [warning] Unable to open usb!
[2025-10-14 21:41:05.148] [warning] Not found camera!
[2025-10-14 21:41:05.248] [warning] MV_CC_StopGrabbing failed: 0x80000000
[2025-10-14 21:41:05.248] [warning] Unable to open usb!
[2025-10-14 21:41:05.249] [warning] Not found camera!
[2025-10-14 21:41:05.349] [warning] MV_CC_StopGrabbing failed: 0x80000000
[2025-10-14 21:41:05.349] [warning] Unable to open usb!
[2025-10-14 21:41:05.350] [warning] Not found camera!
[2025-10-14 21:41:05.450] [warning] MV_CC_StopGrabbing failed: 0x80000000
[2025-10-14 21:41:05.450] [warning] Unable to open usb!
[2025-10-14 21:41:05.450] [warning] Not found camera!
[2025-10-14 21:41:05.551] [warning] MV_CC_StopGrabbing failed: 0x80000000
[2025-10-14 21:41:05.551] [warning] Unable to open usb!
[2025-10-14 21:41:05.551] [warning] Not found camera!
[2025-10-14 21:41:05.652] [warning] MV_CC_StopGrabbing failed: 0x80000000
[2025-10-14 21:41:05.652] [warning] Unable to open usb!
[2025-10-14 21:41:05.652] [warning] Not found camera!
[2025-10-14 21:41:05.752] [warning] MV_CC_StopGrabbing failed: 0x80000000
[2025-10-14 21:41:05.753] [warning] Unable to open usb!
[2025-10-14 21:41:05.753] [warning] Not found camera!
[2025-10-14 21:41:05.854] [warning] MV_CC_StopGrabbing failed: 0x80000000
[2025-10-14 21:41:05.854] [warning] Unable to open usb!
[2025-10-14 21:41:05.854] [warning] Not found camera!
[2025-10-14 21:41:05.954] [warning] MV_CC_StopGrabbing failed: 0x80000000
[2025-10-14 21:41:05.955] [warning] Unable to open usb!
[2025-10-14 21:41:05.955] [warning] Not found camera!
[2025-10-14 21:41:06.055] [warning] MV_CC_StopGrabbing failed: 0x80000000
[2025-10-14 21:41:06.055] [warning] Unable to open usb!
[2025-10-14 21:41:06.056] [warning] Not found camera!
[2025-10-14 21:41:06.156] [warning] MV_CC_StopGrabbing failed: 0x80000000
[2025-10-14 21:41:06.157] [warning] Unable to open usb!
[2025-10-14 21:41:06.157] [warning] Not found camera!
[2025-10-14 21:41:06.257] [warning] MV_CC_StopGrabbing failed: 0x80000000
[2025-10-14 21:41:06.257] [warning] Unable to open usb!
[2025-10-14 21:41:06.258] [warning] Not found camera!
[2025-10-14 21:41:06.358] [warning] MV_CC_StopGrabbing failed: 0x80000000
[2025-10-14 21:41:06.358] [warning] Unable to open usb!
[2025-10-14 21:41:06.359] [warning] Not found camera!
[2025-10-14 21:41:06.459] [warning] MV_CC_StopGrabbing failed: 0x80000000
[2025-10-14 21:41:06.459] [warning] Unable to open usb!
[2025-10-14 21:41:06.460] [warning] Not found camera!
[2025-10-14 21:41:06.560] [warning] MV_CC_StopGrabbing failed: 0x80000000
[2025-10-14 21:41:06.560] [warning] Unable to open usb!
[2025-10-14 21:41:06.561] [warning] Not found camera!
[2025-10-14 21:41:06.662] [warning] MV_CC_StopGrabbing failed: 0x80000000
[2025-10-14 21:41:06.662] [warning] Unable to open usb!
[2025-10-14 21:41:06.663] [warning] Not found camera!
[2025-10-14 21:41:06.763] [warning] MV_CC_StopGrabbing failed: 0x80000000
[2025-10-14 21:41:06.763] [warning] Unable to open usb!
[2025-10-14 21:41:06.764] [warning] Not found camera!
[2025-10-14 21:41:06.864] [warning] MV_CC_StopGrabbing failed: 0x80000000
[2025-10-14 21:41:06.864] [warning] Unable to open usb!
[2025-10-14 21:41:06.864] [warning] Not found camera!
[2025-10-14 21:41:06.965] [warning] MV_CC_StopGrabbing failed: 0x80000000
[2025-10-14 21:41:06.965] [warning] Unable to open usb!
[2025-10-14 21:41:06.965] [warning] Not found camera!
[2025-10-14 21:41:07.065] [warning] MV_CC_StopGrabbing failed: 0x80000000
[2025-10-14 21:41:07.066] [warning] Unable to open usb!
[2025-10-14 21:41:07.066] [warning] Not found camera!
[2025-10-14 21:41:07.166] [warning] MV_CC_StopGrabbing failed: 0x80000000
[2025-10-14 21:41:07.166] [warning] Unable to open usb!
[2025-10-14 21:41:07.167] [warning] Not found camera!
[2025-10-14 21:41:07.267] [warning] MV_CC_StopGrabbing failed: 0x80000000
[2025-10-14 21:41:07.267] [warning] Unable to open usb!
[2025-10-14 21:41:07.268] [warning] Not found camera!
[2025-10-14 21:41:07.368] [warning] MV_CC_StopGrabbing failed: 0x80000000
[2025-10-14 21:41:07.368] [warning] Unable to open usb!
[2025-10-14 21:41:07.369] [warning] Not found camera!
[2025-10-14 21:41:07.469] [warning] MV_CC_StopGrabbing failed: 0x80000000
[2025-10-14 21:41:07.469] [warning] Unable to open usb!
[2025-10-14 21:41:07.469] [warning] Not found camera!
[2025-10-14 21:41:07.570] [warning] MV_CC_StopGrabbing failed: 0x80000000
[2025-10-14 21:41:07.570] [warning] Unable to open usb!
[2025-10-14 21:41:07.570] [warning] Not found camera!
[2025-10-14 21:41:07.670] [warning] MV_CC_StopGrabbing failed: 0x80000000
[2025-10-14 21:41:07.670] [warning] Unable to open usb!
[2025-10-14 21:41:07.671] [warning] Not found camera!
[2025-10-14 21:41:07.771] [warning] MV_CC_StopGrabbing failed: 0x80000000
[2025-10-14 21:41:07.771] [warning] Unable to open usb!
[2025-10-14 21:41:07.772] [warning] Not found camera!
[2025-10-14 21:41:07.872] [warning] MV_CC_StopGrabbing failed: 0x80000000
[2025-10-14 21:41:07.872] [warning] Unable to open usb!
[2025-10-14 21:41:07.873] [warning] Not found camera!
[2025-10-14 21:41:07.973] [warning] MV_CC_StopGrabbing failed: 0x80000000
[2025-10-14 21:41:07.973] [warning] Unable to open usb!
[2025-10-14 21:41:07.973] [warning] Not found camera!
[2025-10-14 21:41:08.074] [warning] MV_CC_StopGrabbing failed: 0x80000000
[2025-10-14 21:41:08.074] [warning] Unable to open usb!
[2025-10-14 21:41:08.074] [warning] Not found camera!
[2025-10-14 21:41:08.175] [warning] MV_CC_StopGrabbing failed: 0x80000000
[2025-10-14 21:41:08.175] [warning] Unable to open usb!
[2025-10-14 21:41:08.175] [warning] Not found camera!
[2025-10-14 21:41:08.276] [warning] MV_CC_StopGrabbing failed: 0x80000000
[2025-10-14 21:41:08.276] [warning] Unable to open usb!
[2025-10-14 21:41:08.276] [warning] Not found camera!
[2025-10-14 21:41:08.377] [warning] MV_CC_StopGrabbing failed: 0x80000000
[2025-10-14 21:41:08.377] [warning] Unable to open usb!
[2025-10-14 21:41:08.378] [warning] Not found camera!
[2025-10-14 21:41:08.478] [warning] MV_CC_StopGrabbing failed: 0x80000000
[2025-10-14 21:41:08.478] [warning] Unable to open usb!
[2025-10-14 21:41:08.478] [warning] Not found camera!
[2025-10-14 21:41:08.578] [warning] MV_CC_StopGrabbing failed: 0x80000000
[2025-10-14 21:41:08.578] [warning] Unable to open usb!
[2025-10-14 21:41:08.579] [warning] Not found camera!
[2025-10-14 21:41:08.679] [warning] MV_CC_StopGrabbing failed: 0x80000000
[2025-10-14 21:41:08.679] [warning] Unable to open usb!
[2025-10-14 21:41:08.680] [warning] Not found camera!
[2025-10-14 21:41:08.780] [warning] MV_CC_StopGrabbing failed: 0x80000000
[2025-10-14 21:41:08.780] [warning] Unable to open usb!
[2025-10-14 21:41:08.781] [warning] Not found camera!
[2025-10-14 21:41:08.881] [warning] MV_CC_StopGrabbing failed: 0x80000000
[2025-10-14 21:41:08.881] [warning] Unable to open usb!
[2025-10-14 21:41:08.882] [warning] Not found camera!
[2025-10-14 21:41:08.982] [warning] MV_CC_StopGrabbing failed: 0x80000000
[2025-10-14 21:41:08.982] [warning] Unable to open usb!
[2025-10-14 21:41:08.983] [warning] Not found camera!
[2025-10-14 21:41:09.083] [warning] MV_CC_StopGrabbing failed: 0x80000000
[2025-10-14 21:41:09.083] [warning] Unable to open usb!
[2025-10-14 21:41:09.084] [warning] Not found camera!
[2025-10-14 21:41:09.184] [warning] MV_CC_StopGrabbing failed: 0x80000000
[2025-10-14 21:41:09.184] [warning] Unable to open usb!
[2025-10-14 21:41:09.185] [warning] Not found camera!
[2025-10-14 21:41:09.285] [warning] MV_CC_StopGrabbing failed: 0x80000000
[2025-10-14 21:41:09.285] [warning] Unable to open usb!
[2025-10-14 21:41:09.285] [warning] Not found camera!
[2025-10-14 21:41:09.385] [warning] MV_CC_StopGrabbing failed: 0x80000000
[2025-10-14 21:41:09.386] [warning] Unable to open usb!
[2025-10-14 21:41:09.386] [warning] Not found camera!
[2025-10-14 21:41:09.486] [warning] MV_CC_StopGrabbing failed: 0x80000000
[2025-10-14 21:41:09.486] [warning] Unable to open usb!
[2025-10-14 21:41:09.487] [warning] Not found camera!
[2025-10-14 21:41:09.588] [warning] MV_CC_StopGrabbing failed: 0x80000000
[2025-10-14 21:41:09.588] [warning] Unable to open usb!
[2025-10-14 21:41:09.588] [warning] Not found camera!
[2025-10-14 21:41:09.688] [warning] MV_CC_StopGrabbing failed: 0x80000000
[2025-10-14 21:41:09.688] [warning] Unable to open usb!
[2025-10-14 21:41:09.689] [warning] Not found camera!
[2025-10-14 21:41:09.789] [warning] MV_CC_StopGrabbing failed: 0x80000000
[2025-10-14 21:41:09.789] [warning] Unable to open usb!
[2025-10-14 21:41:09.790] [warning] Not found camera!
[2025-10-14 21:41:09.890] [warning] MV_CC_StopGrabbing failed: 0x80000000
[2025-10-14 21:41:09.890] [warning] Unable to open usb!
[2025-10-14 21:41:09.891] [warning] Not found camera!
[2025-10-14 21:41:09.991] [warning] MV_CC_StopGrabbing failed: 0x80000000
[2025-10-14 21:41:09.991] [warning] Unable to open usb!
[2025-10-14 21:41:09.991] [warning] Not found camera!
[2025-10-14 21:41:10.092] [warning] MV_CC_StopGrabbing failed: 0x80000000
[2025-10-14 21:41:10.092] [warning] Unable to open usb!
[2025-10-14 21:41:10.092] [warning] Not found camera!
[2025-10-14 21:41:10.192] [warning] MV_CC_StopGrabbing failed: 0x80000000
[2025-10-14 21:41:10.192] [warning] Unable to open usb!
[2025-10-14 21:41:10.193] [warning] Not found camera!
[2025-10-14 21:41:10.293] [warning] MV_CC_StopGrabbing failed: 0x80000000
[2025-10-14 21:41:10.293] [warning] Unable to open usb!
[2025-10-14 21:41:10.294] [warning] Not found camera!
[2025-10-14 21:41:10.394] [warning] MV_CC_StopGrabbing failed: 0x80000000
[2025-10-14 21:41:10.394] [warning] Unable to open usb!
[2025-10-14 21:41:10.394] [warning] Not found camera!
[2025-10-14 21:41:10.495] [warning] MV_CC_StopGrabbing failed: 0x80000000
[2025-10-14 21:41:10.495] [warning] Unable to open usb!
[2025-10-14 21:41:10.496] [warning] Not found camera!
[2025-10-14 21:41:10.596] [warning] MV_CC_StopGrabbing failed: 0x80000000
[2025-10-14 21:41:10.596] [warning] Unable to open usb!
[2025-10-14 21:41:10.597] [warning] Not found camera!
[2025-10-14 21:41:10.697] [warning] MV_CC_StopGrabbing failed: 0x80000000
[2025-10-14 21:41:10.697] [warning] Unable to open usb!
[2025-10-14 21:41:10.697] [warning] Not found camera!
[2025-10-14 21:41:10.797] [warning] MV_CC_StopGrabbing failed: 0x80000000
[2025-10-14 21:41:10.798] [warning] Unable to open usb!
[2025-10-14 21:41:10.798] [warning] Not found camera!
[2025-10-14 21:41:10.898] [warning] MV_CC_StopGrabbing failed: 0x80000000
[2025-10-14 21:41:10.899] [warning] Unable to open usb!
[2025-10-14 21:41:10.899] [warning] Not found camera!
[2025-10-14 21:41:10.999] [warning] MV_CC_StopGrabbing failed: 0x80000000
[2025-10-14 21:41:11.000] [warning] Unable to open usb!
[2025-10-14 21:41:11.000] [warning] Not found camera!
[2025-10-14 21:41:11.101] [warning] MV_CC_StopGrabbing failed: 0x80000000
[2025-10-14 21:41:11.101] [warning] Unable to open usb!
[2025-10-14 21:41:11.101] [warning] Not found camera!
[2025-10-14 21:41:11.202] [warning] MV_CC_StopGrabbing failed: 0x80000000
[2025-10-14 21:41:11.202] [warning] Unable to open usb!
[2025-10-14 21:41:11.202] [warning] Not found camera!
[2025-10-14 21:41:11.302] [warning] MV_CC_StopGrabbing failed: 0x80000000
[2025-10-14 21:41:11.302] [warning] Unable to open usb!
[2025-10-14 21:41:11.303] [warning] Not found camera!
[2025-10-14 21:41:11.403] [warning] MV_CC_StopGrabbing failed: 0x80000000
[2025-10-14 21:41:11.403] [warning] Unable to open usb!
[2025-10-14 21:41:11.404] [warning] Not found camera!
[2025-10-14 21:41:11.504] [warning] MV_CC_StopGrabbing failed: 0x80000000
[2025-10-14 21:41:11.504] [warning] Unable to open usb!
[2025-10-14 21:41:11.505] [warning] Not found camera!
[2025-10-14 21:41:11.605] [warning] MV_CC_StopGrabbing failed: 0x80000000
[2025-10-14 21:41:11.605] [warning] Unable to open usb!
[2025-10-14 21:41:11.605] [warning] Not found camera!
[2025-10-14 21:41:11.706] [warning] MV_CC_StopGrabbing failed: 0x80000000
[2025-10-14 21:41:11.706] [warning] Unable to open usb!
[2025-10-14 21:41:11.706] [warning] Not found camera!
[2025-10-14 21:41:11.807] [warning] MV_CC_StopGrabbing failed: 0x80000000
[2025-10-14 21:41:11.807] [warning] Unable to open usb!
[2025-10-14 21:41:11.808] [warning] Not found camera!
[2025-10-14 21:41:11.908] [warning] MV_CC_StopGrabbing failed: 0x80000000
[2025-10-14 21:41:11.908] [warning] Unable to open usb!
[2025-10-14 21:41:11.909] [warning] Not found camera!
[2025-10-14 21:41:12.009] [warning] MV_CC_StopGrabbing failed: 0x80000000
[2025-10-14 21:41:12.009] [warning] Unable to open usb!
[2025-10-14 21:41:12.009] [warning] Not found camera!
[2025-10-14 21:41:12.109] [warning] MV_CC_StopGrabbing failed: 0x80000000
[2025-10-14 21:41:12.109] [warning] Unable to open usb!
[2025-10-14 21:41:12.110] [warning] Not found camera!
[2025-10-14 21:41:12.210] [warning] MV_CC_StopGrabbing failed: 0x80000000
[2025-10-14 21:41:12.210] [warning] Unable to open usb!
[2025-10-14 21:41:12.211] [warning] Not found camera!
[2025-10-14 21:41:12.311] [warning] MV_CC_StopGrabbing failed: 0x80000000
[2025-10-14 21:41:12.311] [warning] Unable to open usb!
[2025-10-14 21:41:12.311] [warning] Not found camera!
[2025-10-14 21:41:12.412] [warning] MV_CC_StopGrabbing failed: 0x80000000
[2025-10-14 21:41:12.412] [warning] Unable to open usb!
[2025-10-14 21:41:12.412] [warning] Not found camera!
[2025-10-14 21:41:12.512] [warning] MV_CC_StopGrabbing failed: 0x80000000
[2025-10-14 21:41:12.512] [warning] Unable to open usb!
[2025-10-14 21:41:12.513] [warning] Not found camera!
[2025-10-14 21:41:12.613] [warning] MV_CC_StopGrabbing failed: 0x80000000
[2025-10-14 21:41:12.614] [warning] Unable to open usb!
[2025-10-14 21:41:12.614] [warning] Not found camera!
[2025-10-14 21:41:12.714] [warning] MV_CC_StopGrabbing failed: 0x80000000
[2025-10-14 21:41:12.714] [warning] Unable to open usb!
[2025-10-14 21:41:12.715] [warning] Not found camera!
[2025-10-14 21:41:12.815] [warning] MV_CC_StopGrabbing failed: 0x80000000
[2025-10-14 21:41:12.815] [warning] Unable to open usb!
[2025-10-14 21:41:12.816] [warning] Not found camera!
[2025-10-14 21:41:12.916] [warning] MV_CC_StopGrabbing failed: 0x80000000
[2025-10-14 21:41:12.916] [warning] Unable to open usb!
[2025-10-14 21:41:12.917] [warning] Not found camera!
[2025-10-14 21:41:13.017] [warning] MV_CC_StopGrabbing failed: 0x80000000
[2025-10-14 21:41:13.017] [warning] Unable to open usb!
[2025-10-14 21:41:13.018] [warning] Not found camera!
[2025-10-14 21:41:13.118] [warning] MV_CC_StopGrabbing failed: 0x80000000
[2025-10-14 21:41:13.118] [warning] Unable to open usb!
[2025-10-14 21:41:13.118] [warning] Not found camera!
[2025-10-14 21:41:13.219] [warning] MV_CC_StopGrabbing failed: 0x80000000
[2025-10-14 21:41:13.219] [warning] Unable to open usb!
[2025-10-14 21:41:13.219] [warning] Not found camera!
[2025-10-14 21:41:13.319] [warning] MV_CC_StopGrabbing failed: 0x80000000
[2025-10-14 21:41:13.320] [warning] Unable to open usb!
[2025-10-14 21:41:13.320] [warning] Not found camera!
[2025-10-14 21:41:13.421] [warning] MV_CC_StopGrabbing failed: 0x80000000
[2025-10-14 21:41:13.421] [warning] Unable to open usb!
[2025-10-14 21:41:13.421] [warning] Not found camera!
[2025-10-14 21:41:13.522] [warning] MV_CC_StopGrabbing failed: 0x80000000
[2025-10-14 21:41:13.522] [warning] Unable to open usb!
[2025-10-14 21:41:13.522] [warning] Not found camera!
[2025-10-14 21:41:13.622] [warning] MV_CC_StopGrabbing failed: 0x80000000
[2025-10-14 21:41:13.622] [warning] Unable to open usb!
[2025-10-14 21:41:13.622] [warning] Not found camera!
[2025-10-14 21:41:13.723] [warning] MV_CC_StopGrabbing failed: 0x80000000
[2025-10-14 21:41:13.723] [warning] Unable to open usb!
[2025-10-14 21:41:13.723] [warning] Not found camera!
[2025-10-14 21:41:13.824] [warning] MV_CC_StopGrabbing failed: 0x80000000
[2025-10-14 21:41:13.824] [warning] Unable to open usb!
[2025-10-14 21:41:13.824] [warning] Not found camera!
[2025-10-14 21:41:13.925] [warning] MV_CC_StopGrabbing failed: 0x80000000
[2025-10-14 21:41:13.925] [warning] Unable to open usb!
[2025-10-14 21:41:13.925] [warning] Not found camera!
[2025-10-14 21:41:14.027] [warning] MV_CC_StopGrabbing failed: 0x80000000
[2025-10-14 21:41:14.027] [warning] Unable to open usb!
[2025-10-14 21:41:14.028] [warning] Not found camera!
[2025-10-14 21:41:14.128] [warning] MV_CC_StopGrabbing failed: 0x80000000
[2025-10-14 21:41:14.128] [warning] Unable to open usb!
[2025-10-14 21:41:14.128] [warning] Not found camera!
[2025-10-14 21:41:14.229] [warning] MV_CC_StopGrabbing failed: 0x80000000
[2025-10-14 21:41:14.229] [warning] Unable to open usb!
[2025-10-14 21:41:14.229] [warning] Not found camera!
[2025-10-14 21:41:14.330] [warning] MV_CC_StopGrabbing failed: 0x80000000
[2025-10-14 21:41:14.330] [warning] Unable to open usb!
[2025-10-14 21:41:14.330] [warning] Not found camera!
[2025-10-14 21:41:14.430] [warning] MV_CC_StopGrabbing failed: 0x80000000
[2025-10-14 21:41:14.430] [warning] Unable to open usb!
[2025-10-14 21:41:14.431] [warning] Not found camera!
[2025-10-14 21:41:14.531] [warning] MV_CC_StopGrabbing failed: 0x80000000
[2025-10-14 21:41:14.531] [warning] Unable to open usb!
[2025-10-14 21:41:14.532] [warning] Not found camera!
[2025-10-14 21:41:14.632] [warning] MV_CC_StopGrabbing failed: 0x80000000
[2025-10-14 21:41:14.632] [warning] Unable to open usb!
[2025-10-14 21:41:14.632] [warning] Not found camera!
[2025-10-14 21:41:14.732] [warning] MV_CC_StopGrabbing failed: 0x80000000
[2025-10-14 21:41:14.732] [warning] Unable to open usb!
[2025-10-14 21:41:14.733] [warning] Not found camera!
[2025-10-14 21:41:14.833] [warning] MV_CC_StopGrabbing failed: 0x80000000
[2025-10-14 21:41:14.833] [warning] Unable to open usb!
[2025-10-14 21:41:14.834] [warning] Not found camera!
[2025-10-14 21:41:14.934] [warning] MV_CC_StopGrabbing failed: 0x80000000
[2025-10-14 21:41:14.934] [warning] Unable to open usb!
[2025-10-14 21:41:14.934] [warning] Not found camera!
[2025-10-14 21:41:15.034] [warning] MV_CC_StopGrabbing failed: 0x80000000
[2025-10-14 21:41:15.034] [warning] Unable to open usb!
[2025-10-14 21:41:15.034] [warning] Not found camera!
[2025-10-14 21:41:15.135] [warning] MV_CC_StopGrabbing failed: 0x80000000
[2025-10-14 21:41:15.135] [warning] Unable to open usb!
[2025-10-14 21:41:15.135] [warning] Not found camera!
[2025-10-14 21:41:15.235] [warning] MV_CC_StopGrabbing failed: 0x80000000
[2025-10-14 21:41:15.235] [warning] Unable to open usb!
[2025-10-14 21:41:15.236] [warning] Not found camera!
[2025-10-14 21:41:15.336] [warning] MV_CC_StopGrabbing failed: 0x80000000
[2025-10-14 21:41:15.336] [warning] Unable to open usb!
[2025-10-14 21:41:15.336] [warning] Not found camera!
[2025-10-14 21:41:15.437] [warning] MV_CC_StopGrabbing failed: 0x80000000
[2025-10-14 21:41:15.437] [warning] Unable to open usb!
[2025-10-14 21:41:15.437] [warning] Not found camera!
[2025-10-14 21:41:15.537] [warning] MV_CC_StopGrabbing failed: 0x80000000
[2025-10-14 21:41:15.537] [warning] Unable to open usb!
[2025-10-14 21:41:15.538] [warning] Not found camera!
[2025-10-14 21:41:15.638] [warning] MV_CC_StopGrabbing failed: 0x80000000
[2025-10-14 21:41:15.638] [warning] Unable to open usb!
[2025-10-14 21:41:15.638] [warning] Not found camera!
[2025-10-14 21:41:15.738] [warning] MV_CC_StopGrabbing failed: 0x80000000
[2025-10-14 21:41:15.738] [warning] Unable to open usb!
[2025-10-14 21:41:15.739] [warning] Not found camera!
[2025-10-14 21:41:15.839] [warning] MV_CC_StopGrabbing failed: 0x80000000
[2025-10-14 21:41:15.840] [warning] Unable to open usb!
[2025-10-14 21:41:15.840] [warning] Not found camera!
[2025-10-14 21:41:15.940] [warning] MV_CC_StopGrabbing failed: 0x80000000
[2025-10-14 21:41:15.940] [warning] Unable to open usb!
[2025-10-14 21:41:15.941] [warning] Not found camera!
[2025-10-14 21:41:16.041] [warning] MV_CC_StopGrabbing failed: 0x80000000
[2025-10-14 21:41:16.041] [warning] Unable to open usb!
[2025-10-14 21:41:16.042] [warning] Not found camera!
[2025-10-14 21:41:16.143] [warning] MV_CC_StopGrabbing failed: 0x80000000
[2025-10-14 21:41:16.143] [warning] Unable to open usb!
[2025-10-14 21:41:16.144] [warning] Not found camera!
[2025-10-14 21:41:16.244] [warning] MV_CC_StopGrabbing failed: 0x80000000
[2025-10-14 21:41:16.244] [warning] Unable to open usb!
[2025-10-14 21:41:16.245] [warning] Not found camera!
[2025-10-14 21:41:16.345] [warning] MV_CC_StopGrabbing failed: 0x80000000
[2025-10-14 21:41:16.345] [warning] Unable to open usb!
[2025-10-14 21:41:16.345] [warning] Not found camera!
[2025-10-14 21:41:16.445] [warning] MV_CC_StopGrabbing failed: 0x80000000
[2025-10-14 21:41:16.445] [warning] Unable to open usb!
[2025-10-14 21:41:16.446] [warning] Not found camera!
[2025-10-14 21:41:16.546] [warning] MV_CC_StopGrabbing failed: 0x80000000
[2025-10-14 21:41:16.546] [warning] Unable to open usb!
[2025-10-14 21:41:16.546] [warning] Not found camera!
[2025-10-14 21:41:16.647] [warning] MV_CC_StopGrabbing failed: 0x80000000
[2025-10-14 21:41:16.647] [warning] Unable to open usb!
[2025-10-14 21:41:16.647] [warning] Not found camera!
[2025-10-14 21:41:16.747] [warning] MV_CC_StopGrabbing failed: 0x80000000
[2025-10-14 21:41:16.747] [warning] Unable to open usb!
[2025-10-14 21:41:16.748] [warning] Not found camera!
[2025-10-14 21:41:16.848] [warning] MV_CC_StopGrabbing failed: 0x80000000
[2025-10-14 21:41:16.848] [warning] Unable to open usb!
[2025-10-14 21:41:16.848] [warning] Not found camera!
[2025-10-14 21:41:16.948] [warning] MV_CC_StopGrabbing failed: 0x80000000
[2025-10-14 21:41:16.948] [warning] Unable to open usb!
[2025-10-14 21:41:16.949] [warning] Not found camera!
[2025-10-14 21:41:17.049] [warning] MV_CC_StopGrabbing failed: 0x80000000
[2025-10-14 21:41:17.049] [warning] Unable to open usb!
[2025-10-14 21:41:17.050] [warning] Not found camera!
[2025-10-14 21:41:17.150] [warning] MV_CC_StopGrabbing failed: 0x80000000
[2025-10-14 21:41:17.150] [warning] Unable to open usb!
[2025-10-14 21:41:17.150] [warning] Not found camera!
[2025-10-14 21:41:17.251] [warning] MV_CC_StopGrabbing failed: 0x80000000
[2025-10-14 21:41:17.251] [warning] Unable to open usb!
[2025-10-14 21:41:17.251] [warning] Not found camera!
[2025-10-14 21:41:17.351] [warning] MV_CC_StopGrabbing failed: 0x80000000
[2025-10-14 21:41:17.351] [warning] Unable to open usb!
[2025-10-14 21:41:17.352] [warning] Not found camera!
[2025-10-14 21:41:17.452] [warning] MV_CC_StopGrabbing failed: 0x80000000
[2025-10-14 21:41:17.452] [warning] Unable to open usb!
[2025-10-14 21:41:17.453] [warning] Not found camera!
[2025-10-14 21:41:17.553] [warning] MV_CC_StopGrabbing failed: 0x80000000
[2025-10-14 21:41:17.553] [warning] Unable to open usb!
[2025-10-14 21:41:17.554] [warning] Not found camera!
[2025-10-14 21:41:17.654] [warning] MV_CC_StopGrabbing failed: 0x80000000
[2025-10-14 21:41:17.654] [warning] Unable to open usb!
[2025-10-14 21:41:17.654] [warning] Not found camera!
[2025-10-14 21:41:17.755] [warning] MV_CC_StopGrabbing failed: 0x80000000
[2025-10-14 21:41:17.755] [warning] Unable to open usb!
[2025-10-14 21:41:17.755] [warning] Not found camera!
[2025-10-14 21:41:17.855] [warning] MV_CC_StopGrabbing failed: 0x80000000
[2025-10-14 21:41:17.855] [warning] Unable to open usb!
[2025-10-14 21:41:17.856] [warning] Not found camera!
[2025-10-14 21:41:17.956] [warning] MV_CC_StopGrabbing failed: 0x80000000
[2025-10-14 21:41:17.956] [warning] Unable to open usb!
[2025-10-14 21:41:17.957] [warning] Not found camera!
[2025-10-14 21:41:18.057] [warning] MV_CC_StopGrabbing failed: 0x80000000
[2025-10-14 21:41:18.057] [warning] Unable to open usb!
[2025-10-14 21:41:18.058] [warning] Not found camera!
[2025-10-14 21:41:18.158] [warning] MV_CC_StopGrabbing failed: 0x80000000
[2025-10-14 21:41:18.158] [warning] Unable to open usb!
[2025-10-14 21:41:18.159] [warning] Not found camera!
[2025-10-14 21:41:18.259] [warning] MV_CC_StopGrabbing failed: 0x80000000
[2025-10-14 21:41:18.259] [warning] Unable to open usb!
[2025-10-14 21:41:18.259] [warning] Not found camera!
[2025-10-14 21:41:18.360] [warning] MV_CC_StopGrabbing failed: 0x80000000
[2025-10-14 21:41:18.360] [warning] Unable to open usb!
[2025-10-14 21:41:18.360] [warning] Not found camera!
[2025-10-14 21:41:18.460] [warning] MV_CC_StopGrabbing failed: 0x80000000
[2025-10-14 21:41:18.460] [warning] Unable to open usb!
[2025-10-14 21:41:18.461] [warning] Not found camera!
[2025-10-14 21:41:18.561] [warning] MV_CC_StopGrabbing failed: 0x80000000
[2025-10-14 21:41:18.561] [warning] Unable to open usb!
[2025-10-14 21:41:18.561] [warning] Not found camera!
[2025-10-14 21:41:18.662] [warning] MV_CC_StopGrabbing failed: 0x80000000
[2025-10-14 21:41:18.662] [warning] Unable to open usb!
[2025-10-14 21:41:18.662] [warning] Not found camera!
[2025-10-14 21:41:18.762] [warning] MV_CC_StopGrabbing failed: 0x80000000
[2025-10-14 21:41:18.762] [warning] Unable to open usb!
[2025-10-14 21:41:18.763] [warning] Not found camera!
[2025-10-14 21:41:18.863] [warning] MV_CC_StopGrabbing failed: 0x80000000
[2025-10-14 21:41:18.863] [warning] Unable to open usb!
[2025-10-14 21:41:18.864] [warning] Not found camera!
[2025-10-14 21:41:18.964] [warning] MV_CC_StopGrabbing failed: 0x80000000
[2025-10-14 21:41:18.964] [warning] Unable to open usb!
[2025-10-14 21:41:18.965] [warning] Not found camera!
[2025-10-14 21:41:19.065] [warning] MV_CC_StopGrabbing failed: 0x80000000
[2025-10-14 21:41:19.065] [warning] Unable to open usb!
[2025-10-14 21:41:19.066] [warning] Not found camera!
[2025-10-14 21:41:19.166] [warning] MV_CC_StopGrabbing failed: 0x80000000
[2025-10-14 21:41:19.166] [warning] Unable to open usb!
[2025-10-14 21:41:19.166] [warning] Not found camera!
[2025-10-14 21:41:19.267] [warning] MV_CC_StopGrabbing failed: 0x80000000
[2025-10-14 21:41:19.267] [warning] Unable to open usb!
[2025-10-14 21:41:19.267] [warning] Not found camera!
[2025-10-14 21:41:19.368] [warning] MV_CC_StopGrabbing failed: 0x80000000
[2025-10-14 21:41:19.368] [warning] Unable to open usb!
[2025-10-14 21:41:19.368] [warning] Not found camera!
[2025-10-14 21:41:19.469] [warning] MV_CC_StopGrabbing failed: 0x80000000
[2025-10-14 21:41:19.469] [warning] Unable to open usb!
[2025-10-14 21:41:19.469] [warning] Not found camera!
[2025-10-14 21:41:19.570] [warning] MV_CC_StopGrabbing failed: 0x80000000
[2025-10-14 21:41:19.570] [warning] Unable to open usb!
[2025-10-14 21:41:19.571] [warning] Not found camera!
[2025-10-14 21:41:19.671] [warning] MV_CC_StopGrabbing failed: 0x80000000
[2025-10-14 21:41:19.671] [warning] Unable to open usb!
[2025-10-14 21:41:19.672] [warning] Not found camera!
[2025-10-14 21:41:19.772] [warning] MV_CC_StopGrabbing failed: 0x80000000
[2025-10-14 21:41:19.772] [warning] Unable to open usb!
[2025-10-14 21:41:19.773] [warning] Not found camera!
[2025-10-14 21:41:19.873] [warning] MV_CC_StopGrabbing failed: 0x80000000
[2025-10-14 21:41:19.873] [warning] Unable to open usb!
[2025-10-14 21:41:19.873] [warning] Not found camera!
[2025-10-14 21:41:19.974] [warning] MV_CC_StopGrabbing failed: 0x80000000
[2025-10-14 21:41:19.974] [warning] Unable to open usb!
[2025-10-14 21:41:19.974] [warning] Not found camera!
[2025-10-14 21:41:20.074] [warning] MV_CC_StopGrabbing failed: 0x80000000
[2025-10-14 21:41:20.074] [warning] Unable to open usb!
[2025-10-14 21:41:20.075] [warning] Not found camera!
[2025-10-14 21:41:20.175] [warning] MV_CC_StopGrabbing failed: 0x80000000
[2025-10-14 21:41:20.175] [warning] Unable to open usb!
[2025-10-14 21:41:20.176] [warning] Not found camera!
[2025-10-14 21:41:20.276] [warning] MV_CC_StopGrabbing failed: 0x80000000
[2025-10-14 21:41:20.276] [warning] Unable to open usb!
[2025-10-14 21:41:20.276] [warning] Not found camera!
[2025-10-14 21:41:20.377] [warning] MV_CC_StopGrabbing failed: 0x80000000
[2025-10-14 21:41:20.377] [warning] Unable to open usb!
[2025-10-14 21:41:20.377] [warning] Not found camera!
[2025-10-14 21:41:20.477] [warning] MV_CC_StopGrabbing failed: 0x80000000
[2025-10-14 21:41:20.477] [warning] Unable to open usb!
[2025-10-14 21:41:20.478] [warning] Not found camera!
[2025-10-14 21:41:20.578] [warning] MV_CC_StopGrabbing failed: 0x80000000
[2025-10-14 21:41:20.578] [warning] Unable to open usb!
[2025-10-14 21:41:20.579] [warning] Not found camera!
[2025-10-14 21:41:20.680] [warning] MV_CC_StopGrabbing failed: 0x80000000
[2025-10-14 21:41:20.680] [warning] Unable to open usb!
[2025-10-14 21:41:20.680] [warning] Not found camera!
[2025-10-14 21:41:20.780] [warning] MV_CC_StopGrabbing failed: 0x80000000
[2025-10-14 21:41:20.780] [warning] Unable to open usb!
[2025-10-14 21:41:20.781] [warning] Not found camera!
[2025-10-14 21:41:20.881] [warning] MV_CC_StopGrabbing failed: 0x80000000
[2025-10-14 21:41:20.881] [warning] Unable to open usb!
[2025-10-14 21:41:20.882] [warning] Not found camera!
[2025-10-14 21:41:20.982] [warning] MV_CC_StopGrabbing failed: 0x80000000
[2025-10-14 21:41:20.983] [warning] Unable to open usb!
[2025-10-14 21:41:20.983] [warning] Not found camera!
[2025-10-14 21:41:21.083] [warning] MV_CC_StopGrabbing failed: 0x80000000
[2025-10-14 21:41:21.084] [warning] Unable to open usb!
[2025-10-14 21:41:21.084] [warning] Not found camera!
[2025-10-14 21:41:21.185] [warning] MV_CC_StopGrabbing failed: 0x80000000
[2025-10-14 21:41:21.185] [warning] Unable to open usb!
[2025-10-14 21:41:21.185] [warning] Not found camera!
[2025-10-14 21:41:21.286] [warning] MV_CC_StopGrabbing failed: 0x80000000
[2025-10-14 21:41:21.286] [warning] Unable to open usb!
[2025-10-14 21:41:21.286] [warning] Not found camera!
[2025-10-14 21:41:21.387] [warning] MV_CC_StopGrabbing failed: 0x80000000
[2025-10-14 21:41:21.387] [warning] Unable to open usb!
[2025-10-14 21:41:21.387] [warning] Not found camera!
[2025-10-14 21:41:21.488] [warning] MV_CC_StopGrabbing failed: 0x80000000
[2025-10-14 21:41:21.488] [warning] Unable to open usb!
[2025-10-14 21:41:21.489] [warning] Not found camera!
[2025-10-14 21:41:21.589] [warning] MV_CC_StopGrabbing failed: 0x80000000
[2025-10-14 21:41:21.589] [warning] Unable to open usb!
[2025-10-14 21:41:21.590] [warning] Not found camera!
[2025-10-14 21:41:21.690] [warning] MV_CC_StopGrabbing failed: 0x80000000
[2025-10-14 21:41:21.690] [warning] Unable to open usb!
[2025-10-14 21:41:21.691] [warning] Not found camera!
[2025-10-14 21:41:21.791] [warning] MV_CC_StopGrabbing failed: 0x80000000
[2025-10-14 21:41:21.791] [warning] Unable to open usb!
[2025-10-14 21:41:21.792] [warning] Not found camera!
[2025-10-14 21:41:21.892] [warning] MV_CC_StopGrabbing failed: 0x80000000
[2025-10-14 21:41:21.892] [warning] Unable to open usb!
[2025-10-14 21:41:21.893] [warning] Not found camera!
[2025-10-14 21:41:21.993] [warning] MV_CC_StopGrabbing failed: 0x80000000
[2025-10-14 21:41:21.993] [warning] Unable to open usb!
[2025-10-14 21:41:21.994] [warning] Not found camera!
[2025-10-14 21:41:22.094] [warning] MV_CC_StopGrabbing failed: 0x80000000
[2025-10-14 21:41:22.094] [warning] Unable to open usb!
[2025-10-14 21:41:22.094] [warning] Not found camera!
[2025-10-14 21:41:22.195] [warning] MV_CC_StopGrabbing failed: 0x80000000
[2025-10-14 21:41:22.195] [warning] Unable to open usb!
[2025-10-14 21:41:22.195] [warning] Not found camera!
[2025-10-14 21:41:22.295] [warning] MV_CC_StopGrabbing failed: 0x80000000
[2025-10-14 21:41:22.296] [warning] Unable to open usb!
[2025-10-14 21:41:22.296] [warning] Not found camera!
[2025-10-14 21:41:22.396] [warning] MV_CC_StopGrabbing failed: 0x80000000
[2025-10-14 21:41:22.397] [warning] Unable to open usb!
[2025-10-14 21:41:22.398] [warning] Not found camera!
[2025-10-14 21:41:22.499] [warning] MV_CC_StopGrabbing failed: 0x80000000
[2025-10-14 21:41:22.499] [warning] Unable to open usb!
[2025-10-14 21:41:22.499] [warning] Not found camera!
[2025-10-14 21:41:22.599] [warning] MV_CC_StopGrabbing failed: 0x80000000
[2025-10-14 21:41:22.599] [warning] Unable to open usb!
[2025-10-14 21:41:22.600] [warning] Not found camera!
[2025-10-14 21:41:22.700] [warning] MV_CC_StopGrabbing failed: 0x80000000
[2025-10-14 21:41:22.700] [warning] Unable to open usb!
[2025-10-14 21:41:22.701] [warning] Not found camera!
[2025-10-14 21:41:22.801] [warning] MV_CC_StopGrabbing failed: 0x80000000
[2025-10-14 21:41:22.801] [warning] Unable to open usb!
[2025-10-14 21:41:22.802] [warning] Not found camera!
[2025-10-14 21:41:22.902] [warning] MV_CC_StopGrabbing failed: 0x80000000
[2025-10-14 21:41:22.902] [warning] Unable to open usb!
[2025-10-14 21:41:22.903] [warning] Not found camera!
[2025-10-14 21:41:23.003] [warning] MV_CC_StopGrabbing failed: 0x80000000
[2025-10-14 21:41:23.003] [warning] Unable to open usb!
[2025-10-14 21:41:23.004] [warning] Not found camera!
[2025-10-14 21:41:23.104] [warning] MV_CC_StopGrabbing failed: 0x80000000
[2025-10-14 21:41:23.104] [warning] Unable to open usb!
[2025-10-14 21:41:23.105] [warning] Not found camera!
[2025-10-14 21:41:23.205] [warning] MV_CC_StopGrabbing failed: 0x80000000
[2025-10-14 21:41:23.205] [warning] Unable to open usb!
[2025-10-14 21:41:23.206] [warning] Not found camera!
[2025-10-14 21:41:23.306] [warning] MV_CC_StopGrabbing failed: 0x80000000
[2025-10-14 21:41:23.306] [warning] Unable to open usb!
[2025-10-14 21:41:23.307] [warning] Not found camera!
[2025-10-14 21:41:23.407] [warning] MV_CC_StopGrabbing failed: 0x80000000
[2025-10-14 21:41:23.407] [warning] Unable to open usb!
[2025-10-14 21:41:23.407] [warning] Not found camera!
[2025-10-14 21:41:23.508] [warning] MV_CC_StopGrabbing failed: 0x80000000
[2025-10-14 21:41:23.508] [warning] Unable to open usb!
[2025-10-14 21:41:23.508] [warning] Not found camera!
[2025-10-14 21:41:23.609] [warning] MV_CC_StopGrabbing failed: 0x80000000
[2025-10-14 21:41:23.609] [warning] Unable to open usb!
[2025-10-14 21:41:23.609] [warning] Not found camera!
[2025-10-14 21:41:23.709] [warning] MV_CC_StopGrabbing failed: 0x80000000
[2025-10-14 21:41:23.709] [warning] Unable to open usb!
[2025-10-14 21:41:23.710] [warning] Not found camera!
[2025-10-14 21:41:23.810] [warning] MV_CC_StopGrabbing failed: 0x80000000
[2025-10-14 21:41:23.810] [warning] Unable to open usb!
[2025-10-14 21:41:23.810] [warning] Not found camera!
[2025-10-14 21:41:23.911] [warning] MV_CC_StopGrabbing failed: 0x80000000
[2025-10-14 21:41:23.911] [warning] Unable to open usb!
[2025-10-14 21:41:23.911] [warning] Not found camera!
[2025-10-14 21:41:24.012] [warning] MV_CC_StopGrabbing failed: 0x80000000
[2025-10-14 21:41:24.012] [warning] Unable to open usb!
[2025-10-14 21:41:24.012] [warning] Not found camera!
[2025-10-14 21:41:24.113] [warning] MV_CC_StopGrabbing failed: 0x80000000
[2025-10-14 21:41:24.113] [warning] Unable to open usb!
[2025-10-14 21:41:24.113] [warning] Not found camera!
[2025-10-14 21:41:24.214] [warning] MV_CC_StopGrabbing failed: 0x80000000
[2025-10-14 21:41:24.214] [warning] Unable to open usb!
[2025-10-14 21:41:24.214] [warning] Not found camera!
[2025-10-14 21:41:24.314] [warning] MV_CC_StopGrabbing failed: 0x80000000
[2025-10-14 21:41:24.314] [warning] Unable to open usb!
[2025-10-14 21:41:24.314] [warning] Not found camera!
[2025-10-14 21:41:24.415] [warning] MV_CC_StopGrabbing failed: 0x80000000
[2025-10-14 21:41:24.415] [warning] Unable to open usb!
[2025-10-14 21:41:24.415] [warning] Not found camera!
[2025-10-14 21:41:24.515] [warning] MV_CC_StopGrabbing failed: 0x80000000
[2025-10-14 21:41:24.515] [warning] Unable to open usb!
[2025-10-14 21:41:24.516] [warning] Not found camera!
[2025-10-14 21:41:24.616] [warning] MV_CC_StopGrabbing failed: 0x80000000
[2025-10-14 21:41:24.616] [warning] Unable to open usb!
[2025-10-14 21:41:24.617] [warning] Not found camera!
[2025-10-14 21:41:24.717] [warning] MV_CC_StopGrabbing failed: 0x80000000
[2025-10-14 21:41:24.717] [warning] Unable to open usb!
[2025-10-14 21:41:24.718] [warning] Not found camera!
[2025-10-14 21:41:24.818] [warning] MV_CC_StopGrabbing failed: 0x80000000
[2025-10-14 21:41:24.818] [warning] Unable to open usb!
[2025-10-14 21:41:24.819] [warning] Not found camera!
[2025-10-14 21:41:24.919] [warning] MV_CC_StopGrabbing failed: 0x80000000
[2025-10-14 21:41:24.919] [warning] Unable to open usb!
[2025-10-14 21:41:24.919] [warning] Not found camera!
[2025-10-14 21:41:25.020] [warning] MV_CC_StopGrabbing failed: 0x80000000
[2025-10-14 21:41:25.020] [warning] Unable to open usb!
[2025-10-14 21:41:25.020] [warning] Not found camera!
[2025-10-14 21:41:25.121] [warning] MV_CC_StopGrabbing failed: 0x80000000
[2025-10-14 21:41:25.121] [warning] Unable to open usb!
[2025-10-14 21:41:25.121] [warning] Not found camera!
[2025-10-14 21:41:25.222] [warning] MV_CC_StopGrabbing failed: 0x80000000
[2025-10-14 21:41:25.222] [warning] Unable to open usb!
[2025-10-14 21:41:25.222] [warning] Not found camera!
[2025-10-14 21:41:25.322] [warning] MV_CC_StopGrabbing failed: 0x80000000
[2025-10-14 21:41:25.323] [warning] Unable to open usb!
[2025-10-14 21:41:25.323] [warning] Not found camera!
[2025-10-14 21:41:25.423] [warning] MV_CC_StopGrabbing failed: 0x80000000
[2025-10-14 21:41:25.423] [warning] Unable to open usb!
[2025-10-14 21:41:25.424] [warning] Not found camera!
[2025-10-14 21:41:25.524] [warning] MV_CC_StopGrabbing failed: 0x80000000
[2025-10-14 21:41:25.524] [warning] Unable to open usb!
[2025-10-14 21:41:25.525] [warning] Not found camera!
[2025-10-14 21:41:25.625] [warning] MV_CC_StopGrabbing failed: 0x80000000
[2025-10-14 21:41:25.625] [warning] Unable to open usb!
[2025-10-14 21:41:25.626] [warning] Not found camera!
[2025-10-14 21:41:25.726] [warning] MV_CC_StopGrabbing failed: 0x80000000
[2025-10-14 21:41:25.726] [warning] Unable to open usb!
[2025-10-14 21:41:25.727] [warning] Not found camera!
[2025-10-14 21:41:25.827] [warning] MV_CC_StopGrabbing failed: 0x80000000
[2025-10-14 21:41:25.827] [warning] Unable to open usb!
[2025-10-14 21:41:25.828] [warning] Not found camera!
[2025-10-14 21:41:25.928] [warning] MV_CC_StopGrabbing failed: 0x80000000
[2025-10-14 21:41:25.928] [warning] Unable to open usb!
[2025-10-14 21:41:25.928] [warning] Not found camera!
[2025-10-14 21:41:26.029] [warning] MV_CC_StopGrabbing failed: 0x80000000
[2025-10-14 21:41:26.029] [warning] Unable to open usb!
[2025-10-14 21:41:26.029] [warning] Not found camera!
[2025-10-14 21:41:26.130] [warning] MV_CC_StopGrabbing failed: 0x80000000
[2025-10-14 21:41:26.130] [warning] Unable to open usb!
[2025-10-14 21:41:26.130] [warning] Not found camera!
[2025-10-14 21:41:26.231] [warning] MV_CC_StopGrabbing failed: 0x80000000
[2025-10-14 21:41:26.231] [warning] Unable to open usb!
[2025-10-14 21:41:26.231] [warning] Not found camera!
[2025-10-14 21:41:26.331] [warning] MV_CC_StopGrabbing failed: 0x80000000
[2025-10-14 21:41:26.332] [warning] Unable to open usb!
[2025-10-14 21:41:26.332] [warning] Not found camera!
[2025-10-14 21:41:26.432] [warning] MV_CC_StopGrabbing failed: 0x80000000
[2025-10-14 21:41:26.433] [warning] Unable to open usb!
[2025-10-14 21:41:26.433] [warning] Not found camera!
[2025-10-14 21:41:26.533] [warning] MV_CC_StopGrabbing failed: 0x80000000
[2025-10-14 21:41:26.533] [warning] Unable to open usb!
[2025-10-14 21:41:26.534] [warning] Not found camera!
[2025-10-14 21:41:26.634] [warning] MV_CC_StopGrabbing failed: 0x80000000
[2025-10-14 21:41:26.634] [warning] Unable to open usb!
[2025-10-14 21:41:26.635] [warning] Not found camera!
[2025-10-14 21:41:26.735] [warning] MV_CC_StopGrabbing failed: 0x80000000
[2025-10-14 21:41:26.735] [warning] Unable to open usb!
[2025-10-14 21:41:26.736] [warning] Not found camera!
[2025-10-14 21:41:26.836] [warning] MV_CC_StopGrabbing failed: 0x80000000
[2025-10-14 21:41:26.836] [warning] Unable to open usb!
[2025-10-14 21:41:26.837] [warning] Not found camera!
[2025-10-14 21:41:26.937] [warning] MV_CC_StopGrabbing failed: 0x80000000
[2025-10-14 21:41:26.937] [warning] Unable to open usb!
[2025-10-14 21:41:26.938] [warning] Not found camera!
[2025-10-14 21:41:27.038] [warning] MV_CC_StopGrabbing failed: 0x80000000
[2025-10-14 21:41:27.038] [warning] Unable to open usb!
[2025-10-14 21:41:27.039] [warning] Not found camera!
[2025-10-14 21:41:27.139] [warning] MV_CC_StopGrabbing failed: 0x80000000
[2025-10-14 21:41:27.139] [warning] Unable to open usb!
[2025-10-14 21:41:27.139] [warning] Not found camera!
[2025-10-14 21:41:27.240] [warning] MV_CC_StopGrabbing failed: 0x80000000
[2025-10-14 21:41:27.240] [warning] Unable to open usb!
[2025-10-14 21:41:27.240] [warning] Not found camera!
[2025-10-14 21:41:27.340] [warning] MV_CC_StopGrabbing failed: 0x80000000
[2025-10-14 21:41:27.340] [warning] Unable to open usb!
[2025-10-14 21:41:27.341] [warning] Not found camera!
[2025-10-14 21:41:27.441] [warning] MV_CC_StopGrabbing failed: 0x80000000
[2025-10-14 21:41:27.441] [warning] Unable to open usb!
[2025-10-14 21:41:27.442] [warning] Not found camera!
[2025-10-14 21:41:27.542] [warning] MV_CC_StopGrabbing failed: 0x80000000
[2025-10-14 21:41:27.542] [warning] Unable to open usb!
[2025-10-14 21:41:27.542] [warning] Not found camera!
[2025-10-14 21:41:27.642] [warning] MV_CC_StopGrabbing failed: 0x80000000
[2025-10-14 21:41:27.643] [warning] Unable to open usb!
[2025-10-14 21:41:27.643] [warning] Not found camera!
[2025-10-14 21:41:27.743] [warning] MV_CC_StopGrabbing failed: 0x80000000
[2025-10-14 21:41:27.743] [warning] Unable to open usb!
[2025-10-14 21:41:27.743] [warning] Not found camera!
[2025-10-14 21:41:27.844] [warning] MV_CC_StopGrabbing failed: 0x80000000
[2025-10-14 21:41:27.844] [warning] Unable to open usb!
[2025-10-14 21:41:27.844] [warning] Not found camera!
[2025-10-14 21:41:27.944] [warning] MV_CC_StopGrabbing failed: 0x80000000
[2025-10-14 21:41:27.945] [warning] Unable to open usb!
[2025-10-14 21:41:27.945] [warning] Not found camera!
[2025-10-14 21:41:28.045] [warning] MV_CC_StopGrabbing failed: 0x80000000
[2025-10-14 21:41:28.045] [warning] Unable to open usb!
[2025-10-14 21:41:28.046] [warning] Not found camera!
[2025-10-14 21:41:28.146] [warning] MV_CC_StopGrabbing failed: 0x80000000
[2025-10-14 21:41:28.146] [warning] Unable to open usb!
[2025-10-14 21:41:28.146] [warning] Not found camera!
